z,potential
0.000000000000000000e+00,1.000008973768856890e+00
7.216572326611306321e-02,1.000011086717669029e+00
1.443314465322261264e-01,1.000017755992296031e+00
2.164971697983392174e-01,1.000027866866341597e+00
2.886628930644522528e-01,1.000039829444699935e+00
3.608286163305653993e-01,1.000052614173009724e+00
4.329943395966784347e-01,1.000064711040284937e+00
5.051600628627914702e-01,1.000074802896339543e+00
5.773257861289045056e-01,1.000082815060006292e+00
6.494915093950176521e-01,1.000088230498105579e+00
7.216572326611307986e-01,1.000091255783774669e+00
7.938229559272437230e-01,1.000094019669075074e+00
8.659886791933568695e-01,1.000096267746936274e+00
9.381544024594699049e-01,1.000099087620048177e+00
1.010320125725582940e+00,1.000103515775039531e+00
1.082485848991695976e+00,1.000106316529496331e+00
1.154651572257809011e+00,1.000105235596737918e+00
1.226817295523922269e+00,1.000099946330621270e+00
1.298983018790035304e+00,1.000091266718120320e+00
1.371148742056148340e+00,1.000080957561737094e+00
1.443314465322261597e+00,1.000073116426620334e+00
1.515480188588374411e+00,1.000070207218804574e+00
1.587645911854487446e+00,1.000074364797671977e+00
1.659811635120600481e+00,1.000082874646770703e+00
1.731977358386713739e+00,1.000095318540292100e+00
1.804143081652826774e+00,1.000107568003335556e+00
1.876308804918939810e+00,1.000116367567360998e+00
1.948474528185053067e+00,1.000120934793462979e+00
2.020640251451165881e+00,1.000119505640600037e+00
2.092805974717279138e+00,1.000111687896607204e+00
2.164971697983391952e+00,1.000098331307267996e+00
2.237137421249505209e+00,1.000079533087696371e+00
2.309303144515618023e+00,1.000056311975106471e+00
2.381468867781731280e+00,1.000030284495084576e+00
2.453634591047844538e+00,1.000002776552379125e+00
2.525800314313957351e+00,9.999754146538309962e-01
2.597966037580070608e+00,9.999495778403750812e-01
2.670131760846183866e+00,9.999266180851633656e-01
2.742297484112296679e+00,9.999083403613759913e-01
2.814463207378409937e+00,9.998951342485086213e-01
2.886628930644523194e+00,9.998878965740874980e-01
2.958794653910635564e+00,9.998858831083787813e-01
3.030960377176748821e+00,9.998889238308550365e-01
3.103126100442861635e+00,9.998951396262077962e-01
3.175291823708974892e+00,9.999020920850595351e-01
3.247457546975088150e+00,9.999063806841661517e-01
3.319623270241200963e+00,9.999069380144145480e-01
3.391788993507314220e+00,9.999022346536455830e-01
3.463954716773427478e+00,9.998945178326670291e-01
3.536120440039540291e+00,9.998871520062090346e-01
3.608286163305653549e+00,9.998842722908529712e-01
3.680451886571766806e+00,9.998877063614801664e-01
3.752617609837879620e+00,9.998967036179765566e-01
3.824783333103992877e+00,9.999082061042553482e-01
3.896949056370106135e+00,9.999166802983613378e-01
3.969114779636218948e+00,9.999200908350560635e-01
4.041280502902331762e+00,9.999171640113219128e-01
4.113446226168444575e+00,9.999090954006476517e-01
4.185611949434558277e+00,9.999002053118277722e-01
4.257777672700671090e+00,9.998917439023448095e-01
4.329943395966783903e+00,9.998860431095583090e-01
4.402109119232897605e+00,9.998857865530862421e-01
4.474274842499010418e+00,9.998903389616720094e-01
4.546440565765124120e+00,9.998998579866307246e-01
4.618606289031236045e+00,9.999143493038403774e-01
4.690772012297348859e+00,9.999328553003905551e-01
4.762937735563462560e+00,9.999541040296026084e-01
4.835103458829575374e+00,9.999767909638987984e-01
4.907269182095689075e+00,9.999996043429394410e-01
4.979434905361801889e+00,1.000021137905172663e+00
5.051600628627914702e+00,1.000040100803968546e+00
5.123766351894027515e+00,1.000055183519028335e+00
5.195932075160141217e+00,1.000065797587445848e+00
5.268097798426254030e+00,1.000071491667518853e+00
5.340263521692367732e+00,1.000071630792177979e+00
5.412429244958479657e+00,1.000067904849963885e+00
5.484594968224593359e+00,1.000061811058555072e+00
5.556760691490706172e+00,1.000056204588477549e+00
5.628926414756819874e+00,1.000054456126022728e+00
5.701092138022932687e+00,1.000057937362818450e+00
5.773257861289046389e+00,1.000070085219458393e+00
5.845423584555158314e+00,1.000087984310681133e+00
5.917589307821271127e+00,1.000108646776374011e+00
5.989755031087384829e+00,1.000126159293527328e+00
6.061920754353497642e+00,1.000135871913557573e+00
6.134086477619611344e+00,1.000137207990375421e+00
6.206252200885723269e+00,1.000132125342919842e+00
6.278417924151836971e+00,1.000126716478036082e+00
6.350583647417949784e+00,1.000125170816170028e+00
6.422749370684063486e+00,1.000132405422655690e+00
6.494915093950176299e+00,1.000148022611439869e+00
6.567080817216290001e+00,1.000172664341552053e+00
6.639246540482401926e+00,1.000203792046542306e+00
6.711412263748515628e+00,1.000238991326978466e+00
6.783577987014628441e+00,1.000276786932436490e+00
6.855743710280742143e+00,1.000316022493654922e+00
6.927909433546854956e+00,1.000355029359312420e+00
7.000075156812967769e+00,1.000393710447808671e+00
7.072240880079080583e+00,1.000430588309842772e+00
7.144406603345193396e+00,1.000464982407997194e+00
7.216572326611307098e+00,1.000496024564027531e+00
7.288738049877419911e+00,1.000522280565293576e+00
7.360903773143533613e+00,1.000542534221614988e+00
7.433069496409645538e+00,1.000555253428579316e+00
7.505235219675759240e+00,1.000558901586920069e+00
7.577400942941872053e+00,1.000552079934833083e+00
7.649566666207985755e+00,1.000533382910753666e+00
7.721732389474098568e+00,1.000503897982165435e+00
7.793898112740212270e+00,1.000463719893448289e+00
7.866063836006324195e+00,1.000415429561298586e+00
7.938229559272437896e+00,1.000363260922483732e+00
8.010395282538551598e+00,1.000312831015941040e+00
8.082561005804663523e+00,1.000270005076382418e+00
8.154726729070777225e+00,1.000241047865219279e+00
8.226892452336889150e+00,1.000224542009592987e+00
8.299058175603002852e+00,1.000219064729075402e+00
8.371223898869116553e+00,1.000217453789439714e+00
8.443389622135228478e+00,1.000210604766806899e+00
8.515555345401342180e+00,1.000193888545950260e+00
8.587721068667454105e+00,1.000165549554178579e+00
8.659886791933567807e+00,1.000131110768151865e+00
8.732052515199681508e+00,1.000095660236604012e+00
8.804218238465795210e+00,1.000062878515065146e+00
8.876383961731907135e+00,1.000034381732662014e+00
8.948549684998020837e+00,1.000007562587701848e+00
9.020715408264134538e+00,9.999775569033361178e-01
9.092881131530248240e+00,9.999423130293181305e-01
9.165046854796360165e+00,9.998986651754904198e-01
9.237212578062472090e+00,9.998469220778450905e-01
9.309378301328585792e+00,9.997878485942257587e-01
9.381544024594697717e+00,9.997235451280033214e-01
9.453709747860811419e+00,9.996571854965715653e-01
9.525875471126925120e+00,9.995917420375585172e-01
9.598041194393038822e+00,9.995307334479665018e-01
9.670206917659150747e+00,9.994771386448986217e-01
9.742372640925264449e+00,9.994336229344692457e-01
9.814538364191378150e+00,9.994026042434830392e-01
9.886704087457491852e+00,9.993854835560028738e-01
9.958869810723603777e+00,9.993835913885710243e-01
1.003103553398971570e+01,9.993969808770768459e-01
1.010320125725582940e+01,9.994240171630802694e-01
1.017536698052194311e+01,9.994630802169023331e-01
1.024753270378805503e+01,9.995105437352572730e-01
1.031969842705416873e+01,9.995610965329140285e-01
1.039186415032028243e+01,9.996093492715159012e-01
1.046402987358639436e+01,9.996481291958208004e-01
1.053619559685250806e+01,9.996719711848478518e-01
1.060836132011862176e+01,9.996768935185250671e-01
1.068052704338473546e+01,9.996650925068625293e-01
1.075269276665084739e+01,9.996406155692713069e-01
1.082485848991695931e+01,9.996140880486964475e-01
1.089702421318307302e+01,9.995911639231848111e-01
1.096918993644918672e+01,9.995778419067200549e-01
1.104135565971529864e+01,9.995722903806493198e-01
1.111352138298141234e+01,9.995724927983504760e-01
1.118568710624752605e+01,9.995728909550828378e-01
1.125785282951363975e+01,9.995722374897169082e-01
1.133001855277975167e+01,9.995710310776860785e-01
1.140218427604586537e+01,9.995724706584399044e-01
1.147434999931197908e+01,9.995776744314336382e-01
1.154651572257809278e+01,9.995908444547115801e-01
1.161868144584420293e+01,9.996128514483025862e-01
1.169084716911031663e+01,9.996421196629833306e-01
1.176301289237643033e+01,9.996791611026958346e-01
1.183517861564254225e+01,9.997210975017211121e-01
1.190734433890865596e+01,9.997653254861215144e-01
1.197951006217476966e+01,9.998097736043773942e-01
1.205167578544088336e+01,9.998512267183703450e-01
1.212384150870699528e+01,9.998871630954696554e-01
1.219600723197310899e+01,9.999150566078554014e-01
1.226817295523922269e+01,9.999330915076347637e-01
1.234033867850533639e+01,9.999391807986188763e-01
1.241250440177144654e+01,9.999329961455767357e-01
1.248467012503756024e+01,9.999136883187699221e-01
1.255683584830367394e+01,9.998825654449700062e-01
1.262900157156978764e+01,9.998405503155043395e-01
1.270116729483589957e+01,9.997909953909545067e-01
1.277333301810201327e+01,9.997367855435536077e-01
1.284549874136812697e+01,9.996825724622794285e-01
1.291766446463423890e+01,9.996330441529416300e-01
1.298983018790035260e+01,9.995911966735039345e-01
1.306199591116646630e+01,9.995618707132949421e-01
1.313416163443258000e+01,9.995428238168588830e-01
1.320632735769869193e+01,9.995332445987444858e-01
1.327849308096480385e+01,9.995278781721164130e-01
1.335065880423091755e+01,9.995207085047761453e-01
1.342282452749703126e+01,9.995061346879119402e-01
1.349499025076314318e+01,9.994766696673511586e-01
1.356715597402925688e+01,9.994310676440282259e-01
1.363932169729537058e+01,9.993658953017834357e-01
1.371148742056148429e+01,9.992820638070217809e-01
1.378365314382759621e+01,9.991804488734717937e-01
1.385581886709370991e+01,9.990653356601568724e-01
1.392798459035982361e+01,9.989409792724683879e-01
1.400015031362593554e+01,9.988131199815212247e-01
1.407231603689204746e+01,9.986876374237169118e-01
1.414448176015816117e+01,9.985699988741520983e-01
1.421664748342427487e+01,9.984662035679990888e-01
1.428881320669038679e+01,9.983806956769705199e-01
1.436097892995650049e+01,9.983171280426218486e-01
1.443314465322261420e+01,9.982780302145919382e-01
1.450531037648872790e+01,9.982646742120440120e-01
1.457747609975483982e+01,9.982767232146076974e-01
1.464964182302095352e+01,9.983126330531484349e-01
1.472180754628706723e+01,9.983693798854709200e-01
1.479397326955318093e+01,9.984433857203435236e-01
1.486613899281929108e+01,9.985297175482678034e-01
1.493830471608540478e+01,9.986219466234701470e-01
1.501047043935151848e+01,9.987158829226696621e-01
1.508263616261763040e+01,9.988056767797536262e-01
1.515480188588374411e+01,9.988871164489259158e-01
1.522696760914985781e+01,9.989580098736646763e-01
1.529913333241597151e+01,9.990175471485223113e-01
1.537129905568208343e+01,9.990662535837008251e-01
1.544346477894819714e+01,9.991045697016643912e-01
1.551563050221431084e+01,9.991313299040061047e-01
1.558779622548042454e+01,9.991443887174459304e-01
1.565996194874653469e+01,9.991438549383000467e-01
1.573212767201264839e+01,9.991295304355579665e-01
1.580429339527876209e+01,9.991079983710736689e-01
1.587645911854487579e+01,9.990883190157896498e-01
1.594862484181098772e+01,9.990792243655868266e-01
1.602079056507710320e+01,9.990891837105764228e-01
1.609295628834321334e+01,9.991185360957013373e-01
1.616512201160932705e+01,9.991642589527350848e-01
1.623728773487544075e+01,9.992187042422139287e-01
1.630945345814155445e+01,9.992743610373979735e-01
1.638161918140766815e+01,9.993239122374919514e-01
1.645378490467377830e+01,9.993613428961040102e-01
1.652595062793989200e+01,9.993833405744328990e-01
1.659811635120600570e+01,9.993885133272555343e-01
1.667028207447211940e+01,9.993758698039277855e-01
1.674244779773823311e+01,9.993468805484468920e-01
1.681461352100434681e+01,9.993032468861519080e-01
1.688677924427045696e+01,9.992476715685428834e-01
1.695894496753657066e+01,9.991833006563904940e-01
1.703111069080268436e+01,9.991137689027899116e-01
1.710327641406879806e+01,9.990426147647651911e-01
1.717544213733490821e+01,9.989738474700922133e-01
1.724760786060102546e+01,9.989103288002472159e-01
1.731977358386713561e+01,9.988562828776675895e-01
1.739193930713324932e+01,9.988116368026518366e-01
1.746410503039936302e+01,9.987768733380706365e-01
1.753627075366547672e+01,9.987506285686839069e-01
1.760843647693159042e+01,9.987256165858352519e-01
1.768060220019770057e+01,9.986952115637921512e-01
1.775276792346381427e+01,9.986513360768307646e-01
1.782493364672992797e+01,9.985878475651670527e-01
1.789709936999604167e+01,9.985071388031668826e-01
1.796926509326215182e+01,9.984203878600907967e-01
1.804143081652826908e+01,9.983439483882174947e-01
1.811359653979437923e+01,9.982935280349948259e-01
1.818576226306049648e+01,9.982713010116704977e-01
1.825792798632660663e+01,9.982659070644837040e-01
1.833009370959272033e+01,9.982540941358142295e-01
1.840225943285883403e+01,9.982123355624253902e-01
1.847442515612494418e+01,9.981214194187352229e-01
1.854659087939105788e+01,9.979776008362574169e-01
1.861875660265717158e+01,9.977890491229503001e-01
1.869092232592328529e+01,9.975717441504704519e-01
1.876308804918939543e+01,9.973435512488896260e-01
1.883525377245551269e+01,9.971196642348104655e-01
1.890741949572162284e+01,9.969143770682507011e-01
1.897958521898774009e+01,9.967363694544831842e-01
1.905175094225385024e+01,9.965915512479075478e-01
1.912391666551996394e+01,9.964824506661401626e-01
1.919608238878607764e+01,9.964077325126111662e-01
1.926824811205218779e+01,9.963639616014300371e-01
1.934041383531830149e+01,9.963451232998203899e-01
1.941257955858441520e+01,9.963428739922022270e-01
1.948474528185052890e+01,9.963474825241864785e-01
1.955691100511664260e+01,9.963487993748338933e-01
1.962907672838275630e+01,9.963364199420540190e-01
1.970124245164886645e+01,9.963026346702755776e-01
1.977340817491498370e+01,9.962445464570552911e-01
1.984557389818109385e+01,9.961645785955113297e-01
1.991773962144720755e+01,9.960734462696105851e-01
1.998990534471332126e+01,9.959880028610309521e-01
2.006207106797943140e+01,9.959290195909096255e-01
2.013423679124554511e+01,9.959179976340966078e-01
2.020640251451165881e+01,9.959635556407002710e-01
2.027856823777777251e+01,9.960612145774280224e-01
2.035073396104388621e+01,9.961906434684176803e-01
2.042289968430999991e+01,9.963228919591120558e-01
2.049506540757611006e+01,9.964351902873860301e-01
2.056723113084222732e+01,9.965166979606596698e-01
2.063939685410833746e+01,9.965693087107470038e-01
2.071156257737445117e+01,9.965985775186976259e-01
2.078372830064056487e+01,9.966007265343045374e-01
2.085589402390667502e+01,9.965516851717366453e-01
2.092805974717278872e+01,9.964101715144144666e-01
2.100022547043890242e+01,9.961247474379314459e-01
2.107239119370501612e+01,9.956446650592390979e-01
2.114455691697112982e+01,9.949309079901687003e-01
2.121672264023724352e+01,9.939548197258530893e-01
2.128888836350335367e+01,9.927037131220909361e-01
2.136105408676947093e+01,9.911776412340289610e-01
2.143321981003558108e+01,9.893854508578555640e-01
2.150538553330169478e+01,9.873454716496468109e-01
2.157755125656780848e+01,9.850812947549737464e-01
2.164971697983391863e+01,9.826207602263363761e-01
2.172188270310003588e+01,9.799937451240552377e-01
2.179404842636614603e+01,9.772308967048969341e-01
2.186621414963225973e+01,9.743619516045455287e-01
2.193837987289837343e+01,9.714153557896082480e-01
2.201054559616448714e+01,9.684175328274102768e-01
2.208271131943059729e+01,9.653917805515932482e-01
2.215487704269671454e+01,9.623583058900861964e-01
2.222704276596282469e+01,9.593337082621705703e-01
2.229920848922893839e+01,9.563296678557948738e-01
2.237137421249505209e+01,9.533529646925535950e-01
2.244353993576116224e+01,9.504041169801111799e-01
2.251570565902727949e+01,9.474770056389754114e-01
2.258787138229338964e+01,9.445591683486458390e-01
2.266003710555950335e+01,9.416336407423663291e-01
2.273220282882561705e+01,9.386840745456638269e-01
2.280436855209173075e+01,9.357050906074572127e-01
2.287653427535784090e+01,9.327153696328793764e-01
2.294869999862395815e+01,9.297658510575605995e-01
2.302086572189006830e+01,9.269233032661019500e-01
2.309303144515618555e+01,9.242462490432094002e-01
2.316519716842229570e+01,9.217601264096374480e-01
2.323736289168840585e+01,9.194598528083658406e-01
2.330952861495452311e+01,9.173154929440762162e-01
2.338169433822063326e+01,9.152840150511816208e-01
2.345386006148674696e+01,9.133160292972152261e-01
2.352602578475286066e+01,9.113613335100202439e-01
2.359819150801897436e+01,9.093682784657922680e-01
2.367035723128508451e+01,9.072882852482426763e-01
2.374252295455120176e+01,9.050778959442457028e-01
2.381468867781731191e+01,9.027029000496405997e-01
2.388685440108342917e+01,9.001384064026906051e-01
2.395902012434953932e+01,8.973646091054138241e-01
2.403118584761564946e+01,8.943698789514604730e-01
2.410335157088176672e+01,8.911636141376902964e-01
2.417551729414787687e+01,8.877803291171164624e-01
2.424768301741399057e+01,8.842685295636159015e-01
2.431984874068010427e+01,8.806643424856841484e-01
2.439201446394621797e+01,8.769813328373650130e-01
2.446418018721232812e+01,8.732086190766918943e-01
2.453634591047844538e+01,8.693256852912361055e-01
2.460851163374455552e+01,8.653093283046980888e-01
2.468067735701067278e+01,8.611398692586562653e-01
2.475284308027678293e+01,8.568018694808612334e-01
2.482500880354289308e+01,8.522869585723449326e-01
2.489717452680901033e+01,8.475930758812633137e-01
2.496934025007512048e+01,8.427264050506727555e-01
2.504150597334123418e+01,8.377000324142662713e-01
2.511367169660734788e+01,8.325349741193390773e-01
2.518583741987346158e+01,8.272578887217951760e-01
2.525800314313957529e+01,8.219003843147307808e-01
2.533016886640568899e+01,8.164960261707956413e-01
2.540233458967179914e+01,8.110789893978581633e-01
2.547450031293791639e+01,8.056823352860923437e-01
2.554666603620402654e+01,8.003362541236406225e-01
2.561883175947013669e+01,7.950682630840200105e-01
2.569099748273625394e+01,7.899027213930872593e-01
2.576316320600236409e+01,7.848607138252761128e-01
2.583532892926847779e+01,7.799595910304355506e-01
2.590749465253459149e+01,7.752124181334022479e-01
2.597966037580070520e+01,7.706269452864362712e-01
2.605182609906681890e+01,7.662047394797948385e-01
2.612399182233293260e+01,7.619402046622114621e-01
2.619615754559904275e+01,7.578193501874999072e-01
2.626832326886516000e+01,7.538209826583694984e-01
2.634048899213127015e+01,7.499202203261331467e-01
2.641265471539738385e+01,7.460937002732356271e-01
2.648482043866349755e+01,7.423296521640968537e-01
2.655698616192960770e+01,7.386347028378291713e-01
2.662915188519572141e+01,7.350388146444598592e-01
2.670131760846183511e+01,7.315900495041181006e-01
2.677348333172794881e+01,7.283387053762877539e-01
2.684564905499406251e+01,7.253147205907091166e-01
2.691781477826017621e+01,7.225179493230432515e-01
2.698998050152628636e+01,7.199265913852033183e-01
2.706214622479240361e+01,7.174976240407239247e-01
2.713431194805851376e+01,7.151846267349096786e-01
2.720647767132462747e+01,7.129364659200968513e-01
2.727864339459074117e+01,7.107009691634941229e-01
2.735080911785685132e+01,7.084254728899148645e-01
2.742297484112296857e+01,7.060561268319622830e-01
2.749514056438907872e+01,7.035362023941182930e-01
2.756730628765519242e+01,7.008067850910499885e-01
2.763947201092130612e+01,6.978268734246318994e-01
2.771163773418741982e+01,6.946004514711304756e-01
2.778380345745352997e+01,6.911823388544230395e-01
2.785596918071964723e+01,6.876424730461446755e-01
2.792813490398575738e+01,6.840363692862664324e-01
2.800030062725187108e+01,6.803824430751057584e-01
2.807246635051798478e+01,6.766686134315860190e-01
2.814463207378409493e+01,6.728695303866343291e-01
2.821679779705021218e+01,6.689573972941509350e-01
2.828896352031632233e+01,6.649057900256846176e-01
2.836112924358243603e+01,6.606924371568935195e-01
2.843329496684854973e+01,6.563008798110441244e-01
2.850546069011466344e+01,6.517214605672139172e-01
2.857762641338077358e+01,6.469517949220419117e-01
2.864979213664689084e+01,6.419985262386826985e-01
2.872195785991300099e+01,6.368785177696353328e-01
2.879412358317911824e+01,6.316161124591708198e-01
2.886628930644522839e+01,6.262425795452702948e-01
2.893845502971133854e+01,6.207935109134078422e-01
2.901062075297745579e+01,6.153056032760657601e-01
2.908278647624356594e+01,6.098142229131523484e-01
2.915495219950967964e+01,6.043526934579064314e-01
2.922711792277579335e+01,5.989508882998968442e-01
2.929928364604190705e+01,5.936359121899876801e-01
2.937144936930801720e+01,5.884316838851166853e-01
2.944361509257413445e+01,5.833587953412178173e-01
2.951578081584024460e+01,5.784344556865108622e-01
2.958794653910636185e+01,5.736715199050917979e-01
2.966011226237247200e+01,5.690780841080346208e-01
2.973227798563858215e+01,5.646556556371414848e-01
2.980444370890469941e+01,5.603983014803866070e-01
2.987660943217080955e+01,5.562915006927912076e-01
2.994877515543692326e+01,5.523114065629287639e-01
3.002094087870303696e+01,5.484270640931941942e-01
3.009310660196915066e+01,5.446080326537059424e-01
3.016527232523526081e+01,5.408346129965135862e-01
3.023743804850137806e+01,5.371147432061911253e-01
3.030960377176748821e+01,5.334933840962127194e-01
3.038176949503360547e+01,5.300331054134018727e-01
3.045393521829971561e+01,5.267928986844111483e-01
3.052610094156582576e+01,5.238007813715701566e-01
3.059826666483194302e+01,5.210447103710580397e-01
3.067043238809805317e+01,5.184918705462128186e-01
3.074259811136416687e+01,5.160957257062396275e-01
3.081476383463028057e+01,5.138076514960119301e-01
3.088692955789639427e+01,5.115746771193898645e-01
3.095909528116250797e+01,5.093441413879477020e-01
3.103126100442862167e+01,5.070644797440574392e-01
3.110342672769473182e+01,5.046834810739871946e-01
3.117559245096084908e+01,5.021453217981795003e-01
3.124775817422695923e+01,4.993933214200783621e-01
3.131992389749306938e+01,4.963865659597829216e-01
3.139208962075918663e+01,4.931365285200628445e-01
3.146425534402529678e+01,4.896968849252844591e-01
3.153642106729141048e+01,4.861416624731637048e-01
3.160858679055752418e+01,4.825255770426107316e-01
3.168075251382363788e+01,4.788628526291248133e-01
3.175291823708975159e+01,4.751405499118626086e-01
3.182508396035586529e+01,4.713327232641968401e-01
3.189724968362197544e+01,4.674105829629643938e-01
3.196941540688809269e+01,4.633483625968807806e-01
3.204158113015420639e+01,4.591242920547170536e-01
3.211374685342031654e+01,4.547221880772643887e-01
3.218591257668642669e+01,4.501324885857355129e-01
3.225807829995254394e+01,4.453535487096229040e-01
3.233024402321865409e+01,4.403929407140745322e-01
3.240240974648477135e+01,4.352673278550235336e-01
3.247457546975088150e+01,4.300020154908245629e-01
3.254674119301699875e+01,4.246284640012858436e-01
3.261890691628310890e+01,4.191824714644185601e-01
3.269107263954921905e+01,4.137007678096397134e-01
3.276323836281533630e+01,4.082184831726672347e-01
3.283540408608144645e+01,4.027685712834349063e-01
3.290756980934755660e+01,3.973807975669561565e-01
3.297973553261367385e+01,3.920819872219124536e-01
3.305190125587978400e+01,3.868956161856151876e-01
3.312406697914590126e+01,3.818420985518356514e-01
3.319623270241201141e+01,3.769381207010462642e-01
3.326839842567812155e+01,3.721963536462620792e-01
3.334056414894423881e+01,3.676241419115225950e-01
3.341272987221034896e+01,3.632223817289081946e-01
3.348489559547646621e+01,3.589843292007873221e-01
3.355706131874257636e+01,3.548945934614209374e-01
3.362922704200869362e+01,3.509285035607008774e-01
3.370139276527480376e+01,3.470552501572201076e-01
3.377355848854091391e+01,3.432437551238854412e-01
3.384572421180703117e+01,3.394771652340520252e-01
3.391788993507314132e+01,3.357657812204215553e-01
3.399005565833925857e+01,3.321561876252044909e-01
3.406222138160536872e+01,3.287156050135361940e-01
3.413438710487147887e+01,3.254999897218782690e-01
3.420655282813759612e+01,3.225309570754459343e-01
3.427871855140371338e+01,3.197972107091062721e-01
3.435088427466981642e+01,3.172622714459889526e-01
3.442304999793593367e+01,3.148802648003286020e-01
3.449521572120205093e+01,3.126003985585740774e-01
3.456738144446815397e+01,3.103712901652879164e-01
3.463954716773427123e+01,3.081404447695185733e-01
3.471171289100038848e+01,3.058563478572546845e-01
3.478387861426649863e+01,3.034672620761311723e-01
3.485604433753260878e+01,3.009160104969141325e-01
3.492821006079872603e+01,2.981468705627179361e-01
3.500037578406484329e+01,2.951230313121576687e-01
3.507254150733095344e+01,2.918578801752891305e-01
3.514470723059706359e+01,2.884088295618486564e-01
3.521687295386318084e+01,2.848518732106398166e-01
3.528903867712929099e+01,2.812356952355282158e-01
3.536120440039540114e+01,2.775737358069272354e-01
3.543337012366151839e+01,2.738515604075613674e-01
3.550553584692762854e+01,2.700417667730633520e-01
3.557770157019374579e+01,2.661165903731991245e-01
3.564986729345985594e+01,2.620497037939808482e-01
3.572203301672596609e+01,2.578201602441693718e-01
3.579419873999208335e+01,2.534115321140252841e-01
3.586636446325820060e+01,2.488152704424811401e-01
3.593853018652430364e+01,2.440302105165469693e-01
3.601069590979042090e+01,2.390648143411358284e-01
3.608286163305653815e+01,2.339364468377062301e-01
3.615502735632264120e+01,2.286708518141210844e-01
3.622719307958875845e+01,2.233001129652607275e-01
3.629935880285487571e+01,2.178600433888881749e-01
3.637152452612099296e+01,2.123872508342752874e-01
3.644369024938709600e+01,2.069170219358713592e-01
3.651585597265321326e+01,2.014818024730804513e-01
3.658802169591933051e+01,1.961113973673712929e-01
3.666018741918544066e+01,1.908317926469495496e-01
3.673235314245155081e+01,1.856667430949075215e-01
3.680451886571766806e+01,1.806358982034447225e-01
3.687668458898377821e+01,1.757557827226509384e-01
3.694885031224988836e+01,1.710385370848765962e-01
3.702101603551600562e+01,1.664909910936219484e-01
3.709318175878211576e+01,1.621133726360046989e-01
3.716534748204823302e+01,1.578984353186739520e-01
3.723751320531434317e+01,1.538298503721516886e-01
3.730967892858045332e+01,1.498823519098084478e-01
3.738184465184657057e+01,1.460245398216395984e-01
3.745401037511268783e+01,1.422264867581312653e-01
3.752617609837879087e+01,1.384708999847364952e-01
3.759834182164490812e+01,1.347735913095418070e-01
3.767050754491102538e+01,1.311807775565838607e-01
3.774267326817714263e+01,1.277611992500856941e-01
3.781483899144324567e+01,1.245658807382032385e-01
3.788700471470936293e+01,1.216213241238165849e-01
3.795917043797548018e+01,1.189071252247611982e-01
3.803133616124158323e+01,1.163874419254974646e-01
3.810350188450770048e+01,1.140164648429957128e-01
3.817566760777381774e+01,1.117441658722391346e-01
3.824783333103992788e+01,1.095177766070795367e-01
3.831999905430603803e+01,1.072866915510972685e-01
3.839216477757215529e+01,1.049995859718539232e-01
3.846433050083826544e+01,1.026041774260121747e-01
3.853649622410437559e+01,1.000455017651747519e-01
3.860866194737049284e+01,9.726660246339099980e-02
3.868082767063660299e+01,9.423327530802447227e-02
3.875299339390272024e+01,9.096024175943086265e-02
3.882515911716883039e+01,8.750718599477046167e-02
3.889732484043494054e+01,8.394848374903987609e-02
3.896949056370105779e+01,8.033300320753565538e-02
3.904165628696717505e+01,7.667193840118270709e-02
3.911382201023328520e+01,7.294956542909794561e-02
3.918598773349939535e+01,6.913927745531568692e-02
3.925815345676551260e+01,6.521256514437569207e-02
3.933031918003162986e+01,6.114406313537390503e-02
3.940248490329773290e+01,5.691194505264018239e-02
3.947465062656385015e+01,5.250142321887868446e-02
3.954681634982996741e+01,4.790350776386244347e-02
3.961898207309607045e+01,4.311765799348420830e-02
3.969114779636218771e+01,3.815273378335063553e-02
3.976331351962830496e+01,3.302628722873796746e-02
3.983547924289441511e+01,2.776427414609073871e-02
3.990764496616052526e+01,2.239940623199595041e-02
3.997981068942664251e+01,1.696697491683818795e-02
4.005197641269275266e+01,1.150407876474619263e-02
4.012414213595886281e+01,6.045480091049373547e-03
4.019630785922498006e+01,6.237160390946495719e-04
4.026847358249109021e+01,-4.732016952417679792e-03
4.034063930575720747e+01,-9.995278228909427673e-03
4.041280502902331762e+01,-1.514302351183131369e-02
4.048497075228942776e+01,-2.015563704903985259e-02
4.055713647555554502e+01,-2.501685548979772078e-02
4.062930219882166227e+01,-2.971502357502580835e-02
4.070146792208777242e+01,-3.424366654852543934e-02
4.077363364535388257e+01,-3.860299443850291612e-02
4.084579936861999983e+01,-4.280083611814098493e-02
4.091796509188611708e+01,-4.685464396159137040e-02
4.099013081515222012e+01,-5.078947425641288510e-02
4.106229653841833738e+01,-5.463765696838126379e-02
4.113446226168445463e+01,-5.842870746542391108e-02
4.120662798495055767e+01,-6.217613501564660250e-02
4.127879370821667493e+01,-6.586550301744714675e-02
4.135095943148279218e+01,-6.944482591459222309e-02
4.142312515474890233e+01,-7.284689373678861213e-02
4.149529087801501248e+01,-7.602061455162907599e-02
4.156745660128112974e+01,-7.894636001869005659e-02
4.163962232454723988e+01,-8.164202884903128121e-02
4.171178804781335003e+01,-8.414739939147809766e-02
4.178395377107946729e+01,-8.650731651277462908e-02
4.185611949434557744e+01,-8.877333981730085866e-02
4.192828521761169469e+01,-9.099604514274686751e-02
4.200045094087780484e+01,-9.322738018740593657e-02
4.207261666414392209e+01,-9.551758228515071225e-02
4.214478238741003224e+01,-9.791924319341500926e-02
4.221694811067614950e+01,-1.004881828960047380e-01
4.228911383394225965e+01,-1.032791776790125959e-01
4.236127955720836979e+01,-1.063237897876891241e-01
4.243344528047448705e+01,-1.096064940151837003e-01
4.250561100374060430e+01,-1.130642447392916500e-01
4.257777672700670735e+01,-1.166226059741250626e-01
4.264994245027282460e+01,-1.202364524537287704e-01
4.272210817353894186e+01,-1.238953748409027944e-01
4.279427389680504490e+01,-1.276164444734227410e-01
4.286643962007116215e+01,-1.314265844033773167e-01
4.293860534333727941e+01,-1.353541817908097411e-01
4.301077106660338956e+01,-1.394251736488348326e-01
4.308293678986949971e+01,-1.436599633167089940e-01
4.315510251313561696e+01,-1.480739803730283244e-01
4.322726823640172711e+01,-1.526752353569965359e-01
4.329943395966783726e+01,-1.574637415564129894e-01
4.337159968293395451e+01,-1.624302337540637076e-01
4.344376540620007177e+01,-1.675566694301265924e-01
4.351593112946618191e+01,-1.728158859400722169e-01
4.358809685273229206e+01,-1.781758100086159036e-01
4.366026257599840932e+01,-1.836003032920426048e-01
4.373242829926451947e+01,-1.890529693585404070e-01
4.380459402253063672e+01,-1.944986739151247368e-01
4.387675974579674687e+01,-1.999053058853726694e-01
4.394892546906285702e+01,-2.052437919114547538e-01
4.402109119232897427e+01,-2.104879901219994520e-01
4.409325691559509153e+01,-2.156152273276739917e-01
4.416542263886119457e+01,-2.206059779135803589e-01
4.423758836212731183e+01,-2.254445254460991921e-01
4.430975408539342908e+01,-2.301194897456270705e-01
4.438191980865953212e+01,-2.346249000057451795e-01
4.445408553192564938e+01,-2.389616461332297603e-01
4.452625125519176663e+01,-2.431383965122592417e-01
4.459841697845787678e+01,-2.471727643016966014e-01
4.467058270172398693e+01,-2.510911753580759020e-01
4.474274842499010418e+01,-2.549256473281036328e-01
4.481491414825622144e+01,-2.587050145531897272e-01
4.488707987152232448e+01,-2.624427168082965056e-01
4.495924559478844174e+01,-2.661194416171128729e-01
4.503141131805455899e+01,-2.696812911943924918e-01
4.510357704132066914e+01,-2.730626455445804290e-01
4.517574276458677929e+01,-2.762135313822602356e-01
4.524790848785289654e+01,-2.791185347952245266e-01
4.532007421111900669e+01,-2.817965192263279239e-01
4.539223993438512395e+01,-2.842868051027950815e-01
4.546440565765123409e+01,-2.866363930998785392e-01
4.553657138091734424e+01,-2.888954300014996424e-01
4.560873710418346150e+01,-2.911152461760975196e-01
4.568090282744957875e+01,-2.933468692509502151e-01
4.575306855071568179e+01,-2.956404229523919014e-01
4.582523427398179905e+01,-2.980485226706088286e-01
4.589739999724791630e+01,-3.006242944418895391e-01
4.596956572051401935e+01,-3.034250221267659753e-01
4.604173144378013660e+01,-3.064805937534280100e-01
4.611389716704625386e+01,-3.097702748503940451e-01
4.618606289031237111e+01,-3.132315771672147808e-01
4.625822861357847415e+01,-3.167907906699261589e-01
4.633039433684459141e+01,-3.204029504185786914e-01
4.640256006011070866e+01,-3.240606980999653497e-01
4.647472578337681171e+01,-3.277810714920264545e-01
4.654689150664292896e+01,-3.315914127902943043e-01
4.661905722990904621e+01,-3.355203335116592744e-01
4.669122295317515636e+01,-3.395928061109902418e-01
4.676338867644126651e+01,-3.438296646316869598e-01
4.683555439970738377e+01,-3.482454899010619664e-01
4.690772012297349391e+01,-3.528484792778632251e-01
4.697988584623961117e+01,-3.576377218622243115e-01
4.705205156950572132e+01,-3.626037664784527714e-01
4.712421729277183147e+01,-3.677281307188860482e-01
4.719638301603794872e+01,-3.729835284826046315e-01
4.726854873930406598e+01,-3.783372658574248870e-01
4.734071446257016902e+01,-3.837534402819106072e-01
4.741288018583628627e+01,-3.891954821244855700e-01
4.748504590910240353e+01,-3.946287203091548013e-01
4.755721163236850657e+01,-4.000210094928816074e-01
4.762937735563462383e+01,-4.053434818340198031e-01
4.770154307890074108e+01,-4.105702535804184317e-01
4.777370880216685833e+01,-4.156788197219651870e-01
4.784587452543296138e+01,-4.206498873475652545e-01
4.791804024869907863e+01,-4.254681344058643955e-01
4.799020597196519589e+01,-4.301223765162062174e-01
4.806237169523129893e+01,-4.346073390528102376e-01
4.813453741849741618e+01,-4.389242462544951651e-01
4.820670314176353344e+01,-4.430825290551435591e-01
4.827886886502964359e+01,-4.471004764216885419e-01
4.835103458829575374e+01,-4.510050701853490773e-01
4.842320031156187099e+01,-4.548283812671497506e-01
4.849536603482798114e+01,-4.585986212091639480e-01
4.856753175809409839e+01,-4.623267560123707764e-01
4.863969748136020854e+01,-4.659919141776517337e-01
4.871186320462631869e+01,-4.695382101925613672e-01
4.878402892789243595e+01,-4.729011169045536644e-01
4.885619465115855320e+01,-4.760306377090202656e-01
4.892836037442465624e+01,-4.789131802640299584e-01
4.900052609769077350e+01,-4.815733221807698139e-01
4.907269182095689075e+01,-4.840492410464656281e-01
4.914485754422300090e+01,-4.863881147807239125e-01
4.921702326748911105e+01,-4.886399075885621279e-01
4.928918899075522830e+01,-4.908565766561790999e-01
4.936135471402134556e+01,-4.930887674499823126e-01
4.943352043728744860e+01,-4.953859209415305553e-01
4.950568616055356586e+01,-4.978002832013017631e-01
4.957785188381968311e+01,-5.003868687404284810e-01
4.965001760708578615e+01,-5.032000433415058094e-01
4.972218333035190341e+01,-5.062665796578815769e-01
4.979434905361802066e+01,-5.095645409140608928e-01
4.986651477688413081e+01,-5.130292443513208012e-01
4.993868050015024096e+01,-5.165879008549103535e-01
5.001084622341635821e+01,-5.201978585167198466e-01
5.008301194668246836e+01,-5.238532247794447372e-01
5.015517766994858562e+01,-5.275724341821841357e-01
5.022734339321469577e+01,-5.313825756890716567e-01
5.029950911648080591e+01,-5.353126805252114151e-01
5.037167483974692317e+01,-5.393873748397642887e-01
5.044384056301304042e+01,-5.436271321637535792e-01
5.051600628627915057e+01,-5.480461963374501089e-01
5.058817200954526072e+01,-5.526514816774650285e-01
5.066033773281137798e+01,-5.574427826265447861e-01
5.073250345607748812e+01,-5.624089366057091199e-01
5.080466917934359827e+01,-5.675312518067553436e-01
5.087683490260971553e+01,-5.727822280574428326e-01
5.094900062587583278e+01,-5.781286419139682886e-01
5.102116634914193583e+01,-5.835345194370681332e-01
5.109333207240805308e+01,-5.889636026027983418e-01
5.116549779567417033e+01,-5.943809500747588848e-01
5.123766351894027338e+01,-5.997548314703323724e-01
5.130982924220639063e+01,-6.050566694022642134e-01
5.138199496547250789e+01,-6.102606914944281868e-01
5.145416068873861803e+01,-6.153448930355812641e-01
5.152632641200472818e+01,-6.202900813922418433e-01
5.159849213527084544e+01,-6.250813724677571903e-01
5.167065785853695559e+01,-6.297081625461261600e-01
5.174282358180307284e+01,-6.341654955294089291e-01
5.181498930506918299e+01,-6.384555612912037326e-01
5.188715502833530024e+01,-6.425883748327582135e-01
5.195932075160141039e+01,-6.465830208856504502e-01
5.203148647486752765e+01,-6.504673371896433354e-01
5.210365219813363780e+01,-6.542729784528488191e-01
5.217581792139974795e+01,-6.580276477518541833e-01
5.224798364466586520e+01,-6.617396661171081051e-01
5.232014936793197535e+01,-6.653854319729086697e-01
5.239231509119808550e+01,-6.689080092708323821e-01
5.246448081446420275e+01,-6.722416902673841177e-01
5.253664653773032001e+01,-6.753386217213601661e-01
5.260881226099642305e+01,-6.781935334252816583e-01
5.268097798426254030e+01,-6.808274639412377205e-01
5.275314370752865756e+01,-6.832819386166835152e-01
5.282530943079476771e+01,-6.856045371459856819e-01
5.289747515406087786e+01,-6.878455517708332856e-01
5.296964087732699511e+01,-6.900560818899181825e-01
5.304180660059310526e+01,-6.922873148857874304e-01
5.311397232385921541e+01,-6.945877955961955452e-01
5.318613804712533266e+01,-6.970100004601320620e-01
5.325830377039144281e+01,-6.996094817033898794e-01
5.333046949365756007e+01,-7.024353241891311272e-01
5.340263521692367021e+01,-7.055124220019701742e-01
5.347480094018978747e+01,-7.088156697360276093e-01
5.354696666345589762e+01,-7.122764765245200858e-01
5.361913238672201487e+01,-7.158264294579492759e-01
5.369129810998812502e+01,-7.194265298042343826e-01
5.376346383325423517e+01,-7.230725472046102276e-01
5.383562955652035242e+01,-7.267835297147631213e-01
5.390779527978646257e+01,-7.305865007041296710e-01
5.397996100305257272e+01,-7.345096971846106770e-01
5.405212672631868998e+01,-7.385772822413431138e-01
5.412429244958480723e+01,-7.428087473588967926e-01
5.419645817285091027e+01,-7.472176768717414541e-01
5.426862389611702753e+01,-7.518106327608147232e-01
5.434078961938314478e+01,-7.565851923575109828e-01
5.441295534264925493e+01,-7.615304860201470571e-01
5.448512106591536508e+01,-7.666259878952347284e-01
5.455728678918148233e+01,-7.718445430586401423e-01
5.462945251244759248e+01,-7.771523290887871749e-01
5.470161823571370263e+01,-7.825132441786694093e-01
5.477378395897981989e+01,-7.878910382213100139e-01
5.484594968224593714e+01,-7.932515748453397020e-01
5.491811540551204729e+01,-7.985632756150534695e-01
5.499028112877815744e+01,-8.037978979465040252e-01
5.506244685204427469e+01,-8.089302136406034682e-01
5.513461257531038484e+01,-8.139387026338311681e-01
5.520677829857650210e+01,-8.188047948994342518e-01
5.527894402184261224e+01,-8.235142897787243177e-01
5.535110974510872239e+01,-8.280574672818911131e-01
5.542327546837483965e+01,-8.324303664635643862e-01
5.549544119164094980e+01,-8.366360702860933252e-01
5.556760691490705995e+01,-8.406856311057951947e-01
5.563977263817317720e+01,-8.445992754051742102e-01
5.571193836143929445e+01,-8.484051654404508591e-01
5.578410408470539750e+01,-8.521339841805448678e-01
5.585626980797151475e+01,-8.558117258832903529e-01
5.592843553123763201e+01,-8.594433748085528180e-01
5.600060125450374215e+01,-8.629986102000622994e-01
5.607276697776985230e+01,-8.664215559963558411e-01
5.614493270103596956e+01,-8.696484016310886966e-01
5.621709842430208681e+01,-8.726379532406508543e-01
5.628926414756818986e+01,-8.753841376237448957e-01
5.636142987083430711e+01,-8.779122118916368178e-01
5.643359559410042436e+01,-8.802630530088640937e-01
5.650576131736653451e+01,-8.824862444349468316e-01
5.657792704063264466e+01,-8.846324947026339425e-01
5.665009276389876192e+01,-8.867542490794764198e-01
5.672225848716487207e+01,-8.889015208889764486e-01
5.679442421043098932e+01,-8.911244318942281861e-01
5.686658993369709947e+01,-8.934768947507688575e-01
5.693875565696320962e+01,-8.960106700663600376e-01
5.701092138022932687e+01,-8.987682917144650396e-01
5.708308710349543702e+01,-9.017498776949619543e-01
5.715525282676154717e+01,-9.049053867537562024e-01
5.722741855002766442e+01,-9.081602872179960206e-01
5.729958427329378168e+01,-9.114592359328247406e-01
5.737174999655988472e+01,-9.147746399606256906e-01
5.744391571982600198e+01,-9.181084557241916411e-01
5.751608144309211923e+01,-9.214746947036777103e-01
5.758824716635823648e+01,-9.248908708674596912e-01
5.766041288962433953e+01,-9.283728655353242765e-01
5.773257861289045678e+01,-9.319332990443226494e-01
5.780474433615657404e+01,-9.355804898461015373e-01
5.787691005942267708e+01,-9.393172726715532939e-01
5.794907578268879433e+01,-9.431405324859359895e-01
5.802124150595491159e+01,-9.470399987550581766e-01
5.809340722922102174e+01,-9.509981726287783932e-01
5.816557295248713189e+01,-9.549905274701629976e-01
5.823773867575324914e+01,-9.589868280123516886e-01
5.830990439901935929e+01,-9.629544987986857763e-01
5.838207012228547654e+01,-9.668582416798895407e-01
5.845423584555158669e+01,-9.706650231345970159e-01
5.852640156881769684e+01,-9.743431709575103294e-01
5.859856729208381410e+01,-9.778638702229913715e-01
5.867073301534992424e+01,-9.812008686026213455e-01
5.874289873861603439e+01,-9.843304058172217541e-01
5.881506446188215165e+01,-9.872312649395584838e-01
5.888723018514826890e+01,-9.898839718824081757e-01
5.895939590841437195e+01,-9.922721000079972598e-01
5.903156163168048920e+01,-9.943818100142810534e-01
5.910372735494660645e+01,-9.962031309762767739e-01
5.917589307821272371e+01,-9.977302127379971131e-01
5.924805880147882675e+01,-9.989627645216914154e-01
5.932022452474494401e+01,-9.999066725502095965e-01
5.939239024801106126e+01,-1.000574548664982411e+00
5.946455597127716430e+01,-1.000987302918144861e+00
5.953672169454328156e+01,-1.001171742329981074e+00
5.960888741780939881e+01,-1.001164888313027079e+00
5.968105314107550896e+01,-1.001006792425145786e+00
5.975321886434161911e+01,-1.000743471639597537e+00
5.982538458760773636e+01,-1.000421099336930908e+00
5.989755031087384651e+01,-1.000081344153310958e+00
5.996971603413996377e+01,-9.997555121842612857e-01
6.004188175740607392e+01,-9.994617371501290926e-01
6.011404748067218407e+01,-9.992038695659359870e-01
6.018621320393830132e+01,-9.989774866364148354e-01
6.025837892720441147e+01,-9.987720090158727082e-01
6.033054465047052162e+01,-9.985791095565924591e-01
6.040271037373663887e+01,-9.983953239553430281e-01
6.047487609700275613e+01,-9.982285689943507512e-01
6.054704182026886627e+01,-9.980877300262452900e-01
6.061920754353497642e+01,-9.979854176496987250e-01
6.069137326680109368e+01,-9.979291489243909963e-01
6.076353899006721093e+01,-9.979239481976739379e-01
6.083570471333331398e+01,-9.979660720271822383e-01
6.090787043659943123e+01,-9.980519492685088201e-01
6.098003615986554848e+01,-9.981748628230491249e-01
6.105220188313165153e+01,-9.983277893571216310e-01
6.112436760639776878e+01,-9.985053825754677259e-01
6.119653332966388604e+01,-9.987022361364991108e-01
6.126869905292999618e+01,-9.989131951227742112e-01
6.134086477619610633e+01,-9.991330586524400648e-01
6.141303049946222359e+01,-9.993565070160554953e-01
6.148519622272833374e+01,-9.995780711570202426e-01
6.155736194599445099e+01,-9.997925261773571437e-01
6.162952766926056114e+01,-9.999946526061281871e-01
6.170169339252667129e+01,-1.000180014167612930e+00
6.177385911579278854e+01,-1.000344035352100480e+00
6.184602483905889869e+01,-1.000483017899847837e+00
6.191819056232501595e+01,-1.000593680045740452e+00
6.199035628559112610e+01,-1.000674479155194918e+00
6.206252200885724335e+01,-1.000724555098930768e+00
6.213468773212335350e+01,-1.000742902899805609e+00
6.220685345538946365e+01,-1.000730748649153012e+00
6.227901917865558090e+01,-1.000691830191034359e+00
6.235118490192169816e+01,-1.000630244594447715e+00
6.242335062518780120e+01,-1.000552513312491509e+00
6.249551634845391845e+01,-1.000466037479885273e+00
6.256768207172003571e+01,-1.000378975431622575e+00
6.263984779498613875e+01,-1.000299290774576910e+00
6.271201351825225601e+01,-1.000232384865038071e+00
6.278417924151837326e+01,-1.000181580795608927e+00
6.285634496478448341e+01,-1.000148420031977015e+00
6.292851068805059356e+01,-1.000134846976906688e+00
6.300067641131671081e+01,-1.000138974127227298e+00
6.307284213458282096e+01,-1.000160452412549361e+00
6.314500785784893822e+01,-1.000197500241262860e+00
6.321717358111504836e+01,-1.000247670413233259e+00
6.328933930438116562e+01,-1.000308268542858592e+00
6.336150502764727577e+01,-1.000375563384428901e+00
6.343367075091338592e+01,-1.000444718917336218e+00
6.350583647417950317e+01,-1.000512660761826655e+00
6.357800219744561332e+01,-1.000574644846020211e+00
6.365016792071173057e+01,-1.000627767025449755e+00
6.372233364397784072e+01,-1.000668654325386653e+00
6.379449936724395087e+01,-1.000694774309469626e+00
6.386666509051006813e+01,-1.000704170966763229e+00
6.393883081377618538e+01,-1.000695686841045262e+00
6.401099653704228842e+01,-1.000668807555648909e+00
6.408316226030841278e+01,-1.000624615644907678e+00
6.415532798357452293e+01,-1.000563729812061764e+00
6.422749370684063308e+01,-1.000488354075432573e+00
6.429965943010674323e+01,-1.000401918644915344e+00
6.437182515337285338e+01,-1.000307215316264875e+00
6.444399087663896353e+01,-1.000207121745715355e+00
6.451615659990508789e+01,-1.000106021237181508e+00
6.458832232317119804e+01,-1.000006542144377564e+00
6.466048804643730818e+01,-9.999113949608517959e-01
6.473265376970341833e+01,-9.998244038222887653e-01
6.480481949296954269e+01,-9.997471476328841922e-01
6.487698521623565284e+01,-9.996803243538215922e-01
6.494915093950176299e+01,-9.996255264909091887e-01
6.502131666276787314e+01,-9.995790291229346147e-01
6.509348238603399750e+01,-9.995365974605492365e-01
6.516564810930009344e+01,-9.994919470149086216e-01
6.523781383256621780e+01,-9.994384366255057994e-01
6.530997955583232795e+01,-9.993725506253348101e-01
6.538214527909843810e+01,-9.992929245600087329e-01
6.545431100236454824e+01,-9.992015084913790091e-01
6.552647672563067260e+01,-9.991048541236577929e-01
6.559864244889678275e+01,-9.990072471014678213e-01
6.567080817216289290e+01,-9.989161320979130787e-01
6.574297389542900305e+01,-9.988375058526138828e-01
6.581513961869511320e+01,-9.987754474485762701e-01
6.588730534196123756e+01,-9.987330214828804564e-01
6.595947106522734771e+01,-9.987116915996189226e-01
6.603163678849345786e+01,-9.987116795033492700e-01
6.610380251175956801e+01,-9.987320269132435868e-01
6.617596823502569237e+01,-9.987704480190362499e-01
6.624813395829180251e+01,-9.988238418690075227e-01
6.632029968155791266e+01,-9.988881696306820546e-01
6.639246540482402281e+01,-9.989589606477283779e-01
6.646463112809014717e+01,-9.990312139456484219e-01
6.653679685135624311e+01,-9.991006458328186568e-01
6.660896257462236747e+01,-9.991618895436427117e-01
6.668112829788847762e+01,-9.992116639189123628e-01
6.675329402115458777e+01,-9.992470786796964211e-01
6.682545974442069792e+01,-9.992667242677246708e-01
6.689762546768682228e+01,-9.992717449068265756e-01
6.696979119095293242e+01,-9.992654533310850740e-01
6.704195691421904257e+01,-9.992510821674017718e-01
6.711412263748515272e+01,-9.992340293008934449e-01
6.718628836075126287e+01,-9.992159605993283789e-01
6.725845408401738723e+01,-9.991971783968125465e-01
6.733061980728349738e+01,-9.991749567821671674e-01
6.740278553054960753e+01,-9.991436088427758655e-01
6.747495125381571768e+01,-9.991015849751295752e-01
6.754711697708182783e+01,-9.990496960639401181e-01
6.761928270034795219e+01,-9.989937896887964852e-01
6.769144842361406234e+01,-9.989389499862997290e-01
6.776361414688017248e+01,-9.988889930951787566e-01
6.783577987014628263e+01,-9.988446860875493938e-01
6.790794559341240699e+01,-9.988053150707986161e-01
6.798011131667851714e+01,-9.987662553708305246e-01
6.805227703994461308e+01,-9.987256057956325206e-01
6.812444276321073744e+01,-9.986810251451647691e-01
6.819660848647684759e+01,-9.986326456125813600e-01
6.826877420974295774e+01,-9.985813037279667181e-01
6.834093993300908210e+01,-9.985288308850197581e-01
6.841310565627519225e+01,-9.984778318217590876e-01
6.848527137954130239e+01,-9.984308928934320093e-01
6.855743710280742675e+01,-9.983901175318109500e-01
6.862960282607352269e+01,-9.983577213484199353e-01
6.870176854933963284e+01,-9.983350747403965109e-01
6.877393427260575720e+01,-9.983234196306450814e-01
6.884609999587186735e+01,-9.983231084778038111e-01
6.891826571913797750e+01,-9.983337584008095122e-01
6.899043144240410186e+01,-9.983546481239916615e-01
6.906259716567021201e+01,-9.983843669405814136e-01
6.913476288893630795e+01,-9.984204287344049522e-01
6.920692861220243230e+01,-9.984604449631379053e-01
6.927909433546854245e+01,-9.985002044416175782e-01
6.935126005873465260e+01,-9.985358785759698153e-01
6.942342578200077696e+01,-9.985626022718299133e-01
6.949559150526688711e+01,-9.985774117661414540e-01
6.956775722853299726e+01,-9.985777692479659295e-01
6.963992295179912162e+01,-9.985666402820833065e-01
6.971208867506521756e+01,-9.985478853318081605e-01
6.978425439833134192e+01,-9.985278445722021168e-01
6.985642012159745207e+01,-9.985113741674456200e-01
6.992858584486356222e+01,-9.984997178943789686e-01
7.000075156812968658e+01,-9.984900105744252130e-01
7.007291729139579672e+01,-9.984749298354006486e-01
7.014508301466190687e+01,-9.984500578861537079e-01
7.021724873792801702e+01,-9.984121494958861920e-01
7.028941446119412717e+01,-9.983615159861592980e-01
7.036158018446023732e+01,-9.983016351298217295e-01
7.043374590772636168e+01,-9.982375044919560292e-01
7.050591163099247183e+01,-9.981734749058793765e-01
7.057807735425858198e+01,-9.981154631609002736e-01
7.065024307752470634e+01,-9.980673304972638160e-01
7.072240880079080227e+01,-9.980312371581305797e-01
7.079457452405691242e+01,-9.980085523551136539e-01
7.086674024732303678e+01,-9.980007293760412290e-01
7.093890597058914693e+01,-9.980074897418933499e-01
7.101107169385525708e+01,-9.980280836087211949e-01
7.108323741712138144e+01,-9.980607932768512658e-01
7.115540314038749159e+01,-9.981033993862677978e-01
7.122756886365358753e+01,-9.981531506979540724e-01
7.129973458691971189e+01,-9.982067640751021154e-01
7.137190031018582204e+01,-9.982613742126081879e-01
7.144406603345193219e+01,-9.983131077681876020e-01
7.151623175671805654e+01,-9.983596831302450347e-01
7.158839747998416669e+01,-9.983987942823741024e-01
7.166056320325027684e+01,-9.984284590240801727e-01
7.173272892651640120e+01,-9.984506301501315795e-01
7.180489464978249714e+01,-9.984660399691519528e-01
7.187706037304860729e+01,-9.984771670619249084e-01
7.194922609631473165e+01,-9.984881967541479053e-01
7.202139181958084180e+01,-9.984999348671451669e-01
7.209355754284695195e+01,-9.985124457443577128e-01
7.216572326611307631e+01,-9.985239421550050620e-01
7.223788898937918646e+01,-9.985281150351338342e-01
7.231005471264528239e+01,-9.985244019649914815e-01
7.238222043591140675e+01,-9.985109272882289888e-01
7.245438615917751690e+01,-9.984880804981013380e-01
7.252655188244364126e+01,-9.984585708923717773e-01
7.259871760570975141e+01,-9.984231438657975577e-01
7.267088332897586156e+01,-9.983822566246575159e-01
7.274304905224198592e+01,-9.983353346458617716e-01
7.281521477550809607e+01,-9.982806574574856207e-01
7.288738049877419201e+01,-9.982194930289715051e-01
7.295954622204031637e+01,-9.981527858642812445e-01
7.303171194530642651e+01,-9.980832378247707082e-01
7.310387766857253666e+01,-9.980138274057021031e-01
7.317604339183866102e+01,-9.979489460120005706e-01
7.324820911510477117e+01,-9.978924197733192170e-01
7.332037483837088132e+01,-9.978482300393591853e-01
7.339254056163699147e+01,-9.978193390096909976e-01
7.346470628490310162e+01,-9.978083721710506726e-01
7.353687200816921177e+01,-9.978166839539602817e-01
7.360903773143533613e+01,-9.978449004847395054e-01
7.368120345470144628e+01,-9.978926174451496767e-01
7.375336917796755642e+01,-9.979582819375899527e-01
7.382553490123368078e+01,-9.980394406668434693e-01
7.389770062449977672e+01,-9.981333040444911875e-01
7.396986634776588687e+01,-9.982356381953195745e-01
7.404203207103201123e+01,-9.983420464137757744e-01
7.411419779429812138e+01,-9.984485047831068716e-01
7.418636351756423153e+01,-9.985493909020113357e-01
7.425852924083035589e+01,-9.986406173842516942e-01
7.433069496409646604e+01,-9.987183353172297551e-01
7.440286068736256198e+01,-9.987814501085614527e-01
7.447502641062868634e+01,-9.988303072537797478e-01
7.454719213389479648e+01,-9.988675350342927084e-01
7.461935785716090663e+01,-9.988960122513851347e-01
7.469152358042703099e+01,-9.989204711651108459e-01
7.476368930369314114e+01,-9.989447833172856450e-01
7.483585502695925129e+01,-9.989699232895730141e-01
7.490802075022537565e+01,-9.989947556044487254e-01
7.498018647349147159e+01,-9.990202032454732484e-01
7.505235219675758174e+01,-9.990434882827601282e-01
7.512451792002370610e+01,-9.990658215784150586e-01
7.519668364328981625e+01,-9.990862579896910844e-01
7.526884936655592639e+01,-9.991049595036309849e-01
7.534101508982205075e+01,-9.991224611078792783e-01
7.541318081308816090e+01,-9.991405514051906467e-01
7.548534653635428526e+01,-9.991587136092452415e-01
7.555751225962038120e+01,-9.991776272252866908e-01
7.562967798288649135e+01,-9.991981847752759993e-01
7.570184370615261571e+01,-9.992204704531940651e-01
7.577400942941872586e+01,-9.992450166161053193e-01
7.584617515268483601e+01,-9.992721162353435105e-01
7.591834087595096037e+01,-9.993018937328642659e-01
7.599050659921707052e+01,-9.993342686936931285e-01
7.606267232248316645e+01,-9.993691833568741911e-01
7.613483804574929081e+01,-9.994063222014253345e-01
7.620700376901540096e+01,-9.994451186222662598e-01
7.627916949228151111e+01,-9.994848561344247262e-01
7.635133521554763547e+01,-9.995251987976644381e-01
7.642350093881374562e+01,-9.995654212311273490e-01
7.649566666207985577e+01,-9.996040004920825339e-01
7.656783238534596592e+01,-9.996408430260378397e-01
7.663999810861207607e+01,-9.996745663136837878e-01
7.671216383187818622e+01,-9.997043796788274150e-01
7.678432955514431058e+01,-9.997301543569927507e-01
7.685649527841042072e+01,-9.997532027375578556e-01
7.692866100167653087e+01,-9.997728950703048678e-01
7.700082672494265523e+01,-9.997927560622393850e-01
7.707299244820875117e+01,-9.998154562191277073e-01
7.714515817147486132e+01,-9.998418070271952729e-01
7.721732389474098568e+01,-9.998745083041754578e-01
7.728948961800709583e+01,-9.999121260215978468e-01
7.736165534127320598e+01,-9.999551152511875207e-01
7.743382106453933034e+01,-1.000003832992964581e+00
7.750598678780544049e+01,-1.000056008629236270e+00
7.757815251107155063e+01,-1.000112853726765616e+00
7.765031823433766078e+01,-1.000173045562000596e+00
7.772248395760377093e+01,-1.000235134863952879e+00
7.779464968086988108e+01,-1.000298285508976148e+00
7.786681540413600544e+01,-1.000361731158508238e+00
7.793898112740211559e+01,-1.000423243471875390e+00
7.801114685066822574e+01,-1.000482083479932394e+00
7.808331257393435010e+01,-1.000535717425403703e+00
7.815547829720044604e+01,-1.000583646209697308e+00
7.822764402046657040e+01,-1.000624587380399610e+00
7.829980974373268054e+01,-1.000657959180891066e+00
7.837197546699879069e+01,-1.000683350458665632e+00
7.844414119026491505e+01,-1.000700829212190612e+00
7.851630691353102520e+01,-1.000710691677038966e+00
7.858847263679713535e+01,-1.000713926467029502e+00
7.866063836006325971e+01,-1.000711747242175154e+00
7.873280408332935565e+01,-1.000705322993498791e+00
7.880496980659546580e+01,-1.000696677402478363e+00
7.887713552986159016e+01,-1.000686926163384838e+00
7.894930125312770031e+01,-1.000678825356524415e+00
7.902146697639381046e+01,-1.000672893500328842e+00
7.909363269965993481e+01,-1.000670970870714216e+00
7.916579842292604496e+01,-1.000674246875858486e+00
7.923796414619214090e+01,-1.000681614094905303e+00
7.931012986945826526e+01,-1.000695723008125482e+00
7.938229559272437541e+01,-1.000714428014369606e+00
7.945446131599048556e+01,-1.000735956924683423e+00
7.952662703925660992e+01,-1.000759427996331441e+00
7.959879276252272007e+01,-1.000783967156214871e+00
7.967095848578883022e+01,-1.000805873020977899e+00
7.974312420905494037e+01,-1.000824969241611351e+00
7.981528993232105051e+01,-1.000840543255594017e+00
7.988745565558716066e+01,-1.000851105934920104e+00
7.995962137885328502e+01,-1.000859488927591467e+00
8.003178710211939517e+01,-1.000865082731353661e+00
8.010395282538550532e+01,-1.000871110907587402e+00
8.017611854865162968e+01,-1.000877367005538421e+00
8.024828427191772562e+01,-1.000885091888699341e+00
8.032044999518383577e+01,-1.000896494245953727e+00
8.039261571844996013e+01,-1.000910122927022083e+00
8.046478144171607028e+01,-1.000927330565587914e+00
8.053694716498218042e+01,-1.000947644388792135e+00
8.060911288824830478e+01,-1.000970852373733511e+00
8.068127861151441493e+01,-1.000996614026746556e+00
8.075344433478052508e+01,-1.001024321341555723e+00
8.082561005804663523e+01,-1.001053383288207588e+00
8.089777578131274538e+01,-1.001083134424791909e+00
8.096994150457885553e+01,-1.001113001207600828e+00
8.104210722784497989e+01,-1.001141813385332924e+00
8.111427295111109004e+01,-1.001169536689288764e+00
8.118643867437721440e+01,-1.001195903713810287e+00
8.125860439764332455e+01,-1.001219222154138722e+00
8.133077012090942048e+01,-1.001240667804767615e+00
8.140293584417554484e+01,-1.001260629256207846e+00
8.147510156744165499e+01,-1.001278863185600443e+00
8.154726729070776514e+01,-1.001296871623786222e+00
8.161943301397388950e+01,-1.001314450850464555e+00
8.169159873723999965e+01,-1.001332786931568686e+00
8.176376446050610980e+01,-1.001349615944772342e+00
8.183593018377223416e+01,-1.001364220490377654e+00
8.190809590703833010e+01,-1.001375179644770519e+00
8.198026163030444025e+01,-1.001382551755116923e+00
8.205242735357056461e+01,-1.001388656241400721e+00
8.212459307683667475e+01,-1.001395948708819983e+00
8.219675880010278490e+01,-1.001408176652940130e+00
8.226892452336890926e+01,-1.001427361493461232e+00
8.234109024663501941e+01,-1.001453868879439879e+00
8.241325596990111535e+01,-1.001486797122191907e+00
8.248542169316723971e+01,-1.001523749969798871e+00
8.255758741643334986e+01,-1.001562606160124158e+00
8.262975313969946001e+01,-1.001601341599706485e+00
8.270191886296558437e+01,-1.001637731061042036e+00
8.277408458623169452e+01,-1.001669586818581204e+00
8.284625030949780466e+01,-1.001697559242457292e+00
8.291841603276391481e+01,-1.001718985993809596e+00
8.299058175603002496e+01,-1.001734263736357988e+00
8.306274747929613511e+01,-1.001743367883564328e+00
