z,charge,chargesum
0.0,-0.0,7.28638197917211e-05
0.07039139980729185,-0.0,7.28638197917211e-05
0.1407827996145837,-0.0,7.28638197917211e-05
0.21117419942187557,-0.0,7.28638197917211e-05
0.2815655992291674,-0.0,7.28638197917211e-05
0.3519569990364593,-0.0,7.28638197917211e-05
0.42234839884375114,-0.0,7.28638197917211e-05
0.492739798651043,-0.0,7.28638197917211e-05
0.5631311984583348,-0.0,7.28638197917211e-05
0.6335225982656267,-0.0,7.28638197917211e-05
0.7039139980729185,-0.0,7.28638197917211e-05
0.7743053978802104,-0.0,7.28638197917211e-05
0.8446967976875023,-0.0,7.28638197917211e-05
0.9150881974947942,-0.0,7.28638197917211e-05
0.985479597302086,-0.0,7.28638197917211e-05
1.0558709971093778,-0.0,7.28638197917211e-05
1.1262623969166696,-0.0,7.28638197917211e-05
1.1966537967239617,-0.0,7.28638197917211e-05
1.2670451965312535,-0.0,7.28638197917211e-05
1.3374365963385453,-0.0,7.28638197917211e-05
1.407827996145837,-0.0,7.28638197917211e-05
1.4782193959531291,-0.0,7.28638197917211e-05
1.5486107957604207,-0.0,7.28638197917211e-05
1.6190021955677125,-0.0,7.28638197917211e-05
1.6893935953750046,-0.0,7.28638197917211e-05
1.7597849951822964,-0.0,7.28638197917211e-05
1.8301763949895884,-0.0,7.28638197917211e-05
1.90056779479688,-0.0,7.28638197917211e-05
1.970959194604172,-0.0,7.28638197917211e-05
2.041350594411464,-0.0,7.28638197917211e-05
2.1117419942187556,-0.0,7.28638197917211e-05
2.1821333940260477,-0.0,7.28638197917211e-05
2.2525247938333393,-0.0,7.28638197917211e-05
2.3229161936406313,-0.0,7.28638197917211e-05
2.3933075934479233,-0.0,7.28638197917211e-05
2.463698993255215,-0.0,7.28638197917211e-05
2.534090393062507,-0.0,7.28638197917211e-05
2.6044817928697985,-0.0,7.28638197917211e-05
2.6748731926770906,-0.0,7.28638197917211e-05
2.7452645924843826,-0.0,7.28638197917211e-05
2.815655992291674,-0.0,7.28638197917211e-05
2.8860473920989658,-0.0,7.28638197917211e-05
2.9564387919062582,-0.0,7.28638197917211e-05
3.02683019171355,-0.0,7.28638197917211e-05
3.0972215915208414,-0.0,7.28638197917211e-05
3.1676129913281335,-0.0,7.28638197917211e-05
3.238004391135425,-0.0,7.28638197917211e-05
3.3083957909427175,-0.0,7.28638197917211e-05
3.378787190750009,-0.0,7.28638197917211e-05
3.4491785905573007,-0.0,7.28638197917211e-05
3.5195699903645927,-0.0,7.28638197917211e-05
3.5899613901718848,-0.0,7.28638197917211e-05
3.660352789979177,-0.0,7.28638197917211e-05
3.7307441897864684,-0.0,7.28638197917211e-05
3.80113558959376,-0.0,7.28638197917211e-05
3.8715269894010524,-0.0,7.28638197917211e-05
3.941918389208344,-0.0,7.28638197917211e-05
4.012309789015635,-0.0,7.28638197917211e-05
4.082701188822928,-0.0,7.28638197917211e-05
4.153092588630219,-0.0,7.28638197917211e-05
4.223483988437511,-0.0,7.28638197917211e-05
4.293875388244803,-0.0,7.28638197917211e-05
4.364266788052095,-0.0,7.28638197917211e-05
4.4346581878593865,-0.0,7.28638197917211e-05
4.5050495876666785,-0.0,7.28638197917211e-05
4.5754409874739705,-0.0,7.28638197917211e-05
4.645832387281263,-0.0,7.28638197917211e-05
4.716223787088555,-0.0,7.28638197917211e-05
4.786615186895847,-0.0,7.28638197917211e-05
4.857006586703138,-0.0,7.28638197917211e-05
4.92739798651043,-0.0,7.28638197917211e-05
4.997789386317722,-0.0,7.28638197917211e-05
5.068180786125014,-0.0,7.28638197917211e-05
5.138572185932305,-0.0,7.28638197917211e-05
5.208963585739597,-0.0,7.28638197917211e-05
5.27935498554689,-0.0,7.28638197917211e-05
5.349746385354181,-0.0,7.28638197917211e-05
5.420137785161473,-0.0,7.28638197917211e-05
5.490529184968765,-0.0,7.28638197917211e-05
5.560920584776056,-0.0,7.28638197917211e-05
5.631311984583348,-0.0,7.28638197917211e-05
5.70170338439064,-0.0,7.28638197917211e-05
5.7720947841979315,-0.0,7.28638197917211e-05
5.842486184005224,-0.0,7.28638197917211e-05
5.9128775838125165,-0.0,7.28638197917211e-05
5.983268983619808,-0.0,7.28638197917211e-05
6.0536603834271,-0.0,7.28638197917211e-05
6.124051783234392,-0.0,7.28638197917211e-05
6.194443183041683,-0.0,7.28638197917211e-05
6.264834582848975,-0.0,7.28638197917211e-05
6.335225982656267,-0.0,7.28638197917211e-05
6.405617382463559,-0.0,7.28638197917211e-05
6.47600878227085,-0.0,7.28638197917211e-05
6.546400182078143,-0.0,7.28638197917211e-05
6.616791581885435,-0.0,7.28638197917211e-05
6.687182981692726,-0.0,7.28638197917211e-05
6.757574381500018,-0.0,7.28638197917211e-05
6.82796578130731,-0.0,7.28638197917211e-05
6.898357181114601,-0.0,7.28638197917211e-05
6.968748580921893,-0.0,7.28638197917211e-05
7.0391399807291855,-0.0,7.28638197917211e-05
7.1095313805364775,-0.0,7.28638197917211e-05
7.1799227803437695,-0.0,7.28638197917211e-05
7.2503141801510615,-0.0,7.28638197917211e-05
7.320705579958354,-0.0,7.28638197917211e-05
7.391096979765645,-0.0,7.28638197917211e-05
7.461488379572937,-0.0,7.28638197917211e-05
7.531879779380229,-0.0,7.28638197917211e-05
7.60227117918752,-0.0,7.28638197917211e-05
7.672662578994812,-0.0,7.28638197917211e-05
7.743053978802105,-0.0,7.28638197917211e-05
7.813445378609396,-0.0,7.28638197917211e-05
7.883836778416688,-0.0,7.28638197917211e-05
7.95422817822398,-0.0,7.28638197917211e-05
8.02461957803127,-0.0,7.28638197917211e-05
8.095010977838564,-0.0,7.28638197917211e-05
8.165402377645856,-0.0,7.28638197917211e-05
8.235793777453146,-0.0,7.28638197917211e-05
8.306185177260438,-0.0,7.28638197917211e-05
8.37657657706773,-0.0,7.28638197917211e-05
8.446967976875023,-0.0,7.28638197917211e-05
8.517359376682315,-0.0,7.28638197917211e-05
8.587750776489607,-0.0,7.28638197917211e-05
8.658142176296899,-0.0,7.28638197917211e-05
8.72853357610419,-0.0,7.28638197917211e-05
8.798924975911481,-0.0,7.28638197917211e-05
8.869316375718773,-0.0,7.28638197917211e-05
8.939707775526065,-0.0,7.28638197917211e-05
9.010099175333357,-0.0,7.28638197917211e-05
9.080490575140649,-0.0,7.28638197917211e-05
9.150881974947941,-0.0,7.28638197917211e-05
9.221273374755235,-0.0,7.28638197917211e-05
9.291664774562525,-0.0,7.28638197917211e-05
9.362056174369817,-0.0,7.28638197917211e-05
9.43244757417711,-0.0,7.28638197917211e-05
9.502838973984401,-0.0,7.28638197917211e-05
9.573230373791693,-0.0,7.28638197917211e-05
9.643621773598985,-0.0,7.28638197917211e-05
9.714013173406276,-0.0,7.28638197917211e-05
9.784404573213568,-0.0,7.28638197917211e-05
9.85479597302086,-0.0,7.28638197917211e-05
9.925187372828152,-0.0,7.28638197917211e-05
9.995578772635444,-0.0,7.28638197917211e-05
10.065970172442736,-0.0,7.28638197917211e-05
10.136361572250028,-0.0,7.28638197917211e-05
10.206752972057318,-0.0,7.28638197917211e-05
10.27714437186461,-0.0,7.28638197917211e-05
10.347535771671902,-0.0,7.28638197917211e-05
10.417927171479194,-0.0,7.28638197917211e-05
10.488318571286488,-0.0,7.28638197917211e-05
10.55870997109378,-0.0,7.28638197917211e-05
10.62910137090107,-0.0,7.28638197917211e-05
10.699492770708362,-1.2821901750603583e-07,7.285479427559694e-05
10.769884170515654,-1.2277410032349397e-06,7.276837186777842e-05
10.840275570322946,-3.964250993316423e-06,7.248932269117144e-05
10.910666970130238,-7.563165607943123e-06,7.195694087705395e-05
10.98105836993753,-9.543241942187164e-06,7.128517871804373e-05
11.05144976974482,-1.4679028342014256e-05,7.025190136523845e-05
11.121841169552113,-1.872992963024387e-05,6.893347540027351e-05
11.192232569359405,-2.3365134934345365e-05,6.728877084555867e-05
11.262623969166697,-2.3574149497131246e-05,6.562935346318924e-05
11.333015368973989,-2.844530121242235e-05,6.362704889290678e-05
11.40340676878128,-3.057350271303584e-05,6.147493723992415e-05
11.473798168588573,-2.8723401821138347e-05,5.9453056778506906e-05
11.544189568395863,-3.0011446745903388e-05,5.734050903182077e-05
11.614580968203155,-2.6475177952572803e-05,5.5476884195592024e-05
11.684972368010447,-3.072572620417951e-05,5.331405731798423e-05
11.755363767817741,-2.9285457788282412e-05,5.125261295026968e-05
11.825755167625033,-3.279830758298967e-05,4.894389416819292e-05
11.896146567432325,-4.2552320512878386e-05,4.594857676224287e-05
11.966537967239615,-6.298715324355127e-05,4.15148228755529e-05
12.036929367046907,-8.242152635258045e-05,3.571305626134116e-05
12.1073207668542,-0.00011671215107589674,2.7497524572588666e-05
12.177712166661491,-0.0001469460197610353,1.7153788545499422e-05
12.248103566468783,-0.00016889196337882212,5.265246827062259e-06
12.318494966276075,-0.00019940106384527467,-8.770873180069793e-06
12.388886366083366,-0.00021683650832640008,-2.403429853049059e-05
12.459277765890658,-0.0002157885081373483,-3.922395368060573e-05
12.52966916569795,-0.0002115379598860076,-5.411440678936057e-05
12.600060565505242,-0.00018376302750945384,-6.704974352857691e-05
12.670451965312534,-0.0001377388404493381,-7.674537331563906e-05
12.740843365119826,-7.888104213981814e-05,-8.229792029011883e-05
12.811234764927118,-1.4639801519309218e-05,-8.332843641196391e-05
12.881626164734408,5.151945508887139e-05,-7.970190985094936e-05
12.9520175645417,0.00011366118248161538,-7.170114011231641e-05
13.022408964348994,0.0001755640360885227,-5.9342941856227384e-05
13.092800364156286,0.00023377078623636955,-4.288748897899813e-05
13.163191763963578,0.00028460816298999254,-2.2853521989550684e-05
13.23358316377087,0.00033014230750360056,3.8565717123715073e-07
13.30397456357816,0.00036059227499883096,2.5768252168100794e-05
13.374365963385452,0.0003757683715868602,5.2219113847406474e-05
13.444757363192744,0.00037792526136073176,7.882180201712502e-05
13.515148763000036,0.00035930305912417176,0.00010411364730391762
13.585540162807328,0.0003210656891090668,0.0001267139105903976
13.65593156261462,0.000265219574023249,0.00014538308766218774
13.726322962421913,0.00017480350410796467,0.00015768775100756708
13.796714362229203,9.282705582445409e-05,0.00016422197740704003
13.867105762036495,-3.560273266914296e-05,0.00016171585121749427
13.937497161843787,-0.00014515680826553617,0.0001514980602921245
14.007888561651079,-0.000251730816286621,0.00013377837575907702
14.078279961458371,-0.00033419496521658944,0.00011025392434893208
14.148671361265663,-0.0003733164024299883,8.39756602108629e-05
14.219062761072955,-0.0003703187706045182,5.790840357309546e-05
14.289454160880247,-0.00033294790353924467,3.447173458006485e-05
14.359845560687539,-0.0002531827942017518,1.6649843289082047e-05
14.430236960494831,-0.00013721484035505866,6.991098602155386e-06
14.500628360302123,-6.1975452500146266e-06,6.55484471663783e-06
14.571019760109415,0.00012662769654880857,1.5468345531081444e-05
14.641411159916707,0.0002378609143473259,3.2211708251432065e-05
14.711802559723997,0.0003166834089905177,5.450349670601972e-05
14.78219395953129,0.0003372043065413514,7.823977986451259e-05
14.852585359338581,0.00032842803680430377,0.00010135828911112831
14.922976759145874,0.0002611042704885616,0.00011973778420647991
14.993368158953166,0.00018486957519476272,0.00013275101238621867
15.063759558760458,9.278021782725195e-05,0.0001392819417935044
15.134150958567748,1.5807824075848223e-05,0.00014039467665811074
15.20454235837504,-6.665047010465099e-05,0.00013570305676963032
15.274933758182332,-0.00014063752700483147,0.0001258033843783244
15.345325157989624,-0.00019952459906302892,0.00011175856855428913
15.415716557796918,-0.0002449861446808137,9.451365089681493e-05
15.48610795760421,-0.00027566327646284664,7.510932699113067e-05
15.5564993574115,-0.00029467364860158364,5.436683637974316e-05
15.626890757218792,-0.0002904746221471432,3.3919921118311574e-05
15.697282157026084,-0.00027358659675930775,1.4661777603910801e-05
15.767673556833376,-0.00024564597496744387,-2.6295864310745497e-06
15.838064956640668,-0.00020364048807252255,-1.6964125443939533e-05
15.90845635644796,-0.00015435227807831205,-2.7829198361316285e-05
15.978847756255252,-9.695992360780251e-05,-3.4654343109277586e-05
16.04923915606254,-3.8002009078875895e-05,-3.732935772382907e-05
16.119630555869836,1.9636830352022414e-05,-3.594709374757189e-05
16.19002195567713,7.604441593031416e-05,-3.0594220862709156e-05
16.26041335548442,0.00010121105733457839,-2.346983286095211e-05
16.330804755291712,0.00011495800953099965,-1.5377777651005045e-05
16.401196155099004,8.511049577593897e-05,-9.386730715044104e-06
16.471587554906293,4.7821595204815605e-05,-6.020501687559456e-06
16.541978954713585,3.930293445242371e-05,-3.2539131149191165e-06
16.612370354520877,8.181427171742951e-05,2.5051079954848733e-06
16.68276175432817,0.00021128620565072888,1.7377839771211018e-05
16.75315315413546,0.000385400605723809,4.450672789468811e-05
16.823544553942753,0.0005148579027830418,8.0748296373433e-05
16.893935953750045,0.0004904461142521357,0.00011527148488568782
16.964327353557337,0.0002610864135022272,0.000133649723002775
17.03471875336463,-0.00015293952698603822,0.0001228840956123627
17.10511015317192,-0.0006250003807197464,7.888944393340941e-05
17.175501552979213,-0.0010072218573794916,7.98968747596653e-06
17.2458929527865,-0.0012219506558285751,-7.80251296832452e-05
17.316284352593797,-0.001243250235083361,-0.00016553925404150764
17.38667575240109,-0.0010940946328017631,-0.00024255410676606872
17.45706715220838,-0.0008709759780921857,-0.0003038633250625028
17.527458552015673,-0.0006015755273384904,-0.0003462090685216689
17.597849951822962,-0.0003250030082539072,-0.0003690864852142423
17.668241351630257,-8.518602204598844e-05,-0.0003750828485500742
17.738632751437546,0.00012468509061229648,-0.0003663060904867757
17.80902415124484,0.0002980711598280917,-0.00034532444430429327
17.87941555105213,0.00041697995442810946,-0.00031597264162051787
17.949806950859426,0.00048255373607035255,-0.00028200500865628727
18.020198350666714,0.0005090587732462102,-0.00024617164902330374
18.090589750474006,0.0004900495720572451,-0.00021167637367122992
18.160981150281298,0.000447295848156165,-0.0001801905927915276
18.23137255008859,0.00038092874793513873,-0.00015337648499753415
18.301763949895882,0.00030003835571310104,-0.0001322563651430108
18.372155349703174,0.00021341674905096065,-0.00011723366143499215
18.44254674951047,0.00013988928999874716,-0.00010738665849393216
18.51293814931776,8.81836538708342e-05,-0.00010117928765784244
18.58332954912505,8.987216367208783e-05,-9.485306025325412e-05
18.653720948932342,0.00016435453239366772,-8.328391465339097e-05
18.724112348739634,0.0003240428293098582,-6.0474086300754714e-05
18.794503748546926,0.0005782150762040296,-1.9772717697073144e-05
18.86489514835422,0.000884348226310762,4.247779187003712e-05
18.935286548161507,0.0011254702362176092,0.00012170121723883805
19.005677947968802,0.0012293393498972903,0.00020823613491629446
19.07606934777609,0.0010926777833841872,0.00028515125362703624
19.146460747583387,0.0007612696790049508,0.0003387380919630425
19.216852147390675,0.0003583750813028572,0.00036396461559200265
19.28724354719797,7.889807946143017e-05,0.00036951836184739964
19.35763494700526,-1.6003138525299957e-05,0.0003683918785252938
19.42802634681255,7.445133854870479e-05,0.0003736326124632637
19.498417746619843,0.00013118737558246533,0.00038286707546755837
19.568809146427135,-6.696662658583264e-05,0.0003781532008818094
19.639200546234427,-0.0007144199722425331,0.0003278641789853709
19.70959194604172,-0.0018298200390494794,0.00019906058504124457
19.779983345849015,-0.0032830157421117525,-3.203548863537679e-05
19.850374745656303,-0.004869465547385589,-0.00037480398482922907
19.920766145463595,-0.006366601146630234,-0.0008229579515552407
19.991157545270887,-0.007614511762441847,-0.0013589540933626112
20.06154894507818,-0.008524914795679643,-0.001959034779068395
20.13194034488547,-0.009107213559769912,-0.0026001042898845484
20.202331744692763,-0.009359487696824932,-0.0032589317303431814
20.272723144500056,-0.009340824511340646,-0.003916445443050713
20.343114544307348,-0.009096824891977176,-0.0045567836809988025
20.413505944114636,-0.008684630024444244,-0.005168106945227868
20.48389734392193,-0.008148272309968846,-0.00574167523913757
20.55428874372922,-0.007535138921330842,-0.006272084215552455
20.624680143536516,-0.006881297458321941,-0.006756468376134096
20.695071543343804,-0.006212632354654592,-0.007193784264066304
20.765462943151096,-0.005551206648939051,-0.00758454147070467
20.83585434295839,-0.004922737329047219,-0.007931059842179912
20.90624574276568,-0.0043418150166014535,-0.008236686278902809
20.976637142572976,-0.003811678559112177,-0.008504995668294156
21.047028542380264,-0.0033295926175395084,-0.008739370353430786
21.11741994218756,-0.0028942043348799294,-0.008943097447891317
21.18781134199485,-0.0025025583506011854,-0.009119256033289561
21.25820274180214,-0.0021517442101007815,-0.009270720320265791
21.328594141609432,-0.0018392991129352982,-0.009400191159489616
21.398985541416724,-0.0015622551108606562,-0.009510160483599194
21.469376941224017,-0.0013179885149127279,-0.009602935540093834
21.53976834103131,-0.0011038541491960976,-0.009680637378838834
21.6101597408386,-0.000917437105119454,-0.009745217060903342
21.680551140645893,-0.0007563070760998266,-0.00979845457467417
21.75094254045318,-0.000618261622410891,-0.0098419748757228
21.821333940260477,-0.0005011742287200059,-0.009877253231229741
21.891725340067765,-0.0004030536127020234,-0.009905624739225223
21.96211673987506,-0.0003221575003895577,-0.009928301856636061
22.03250813968235,-0.000256841561922186,-0.009946381293708456
22.10289953948964,-0.00020363275394817164,-0.009960715288305482
22.173290939296933,-0.0001588752653956911,-0.00997189874063144
22.243682339104225,-0.00012174393955747063,-0.009980468466954944
22.31407373891152,-9.14405691389147e-05,-0.009986905096615808
22.38446513871881,-6.719463278560918e-05,-0.009991635020877123
22.454856538526105,-4.825486717118998e-05,-0.009995031748524818
22.525247938333393,-3.373713952413212e-05,-0.009997406553001416
22.595639338140685,-2.2814212944613178e-05,-0.009999012477386089
22.666030737947978,-1.4792854218619073e-05,-0.010000053767101683
22.73642213775527,-9.077661172235354e-06,-0.010000692756378573
22.80681353756256,-5.166445487263378e-06,-0.010001056429708449
22.877204937369854,-2.6338193670489125e-06,-0.010001241827940535
22.947596337177146,-1.12594884285835e-06,-0.010001321085055696
23.017987736984438,-3.510887623339445e-07,-0.010001345798685134
23.088379136791726,-5.289106368438443e-08,-0.010001349521761144
23.15877053659902,-1.1843182046370477e-10,-0.010001349530097726
23.22916193640631,-0.0,-0.010001349530097726
23.299553336213606,-0.0,-0.010001349530097726
23.369944736020894,-0.0,-0.010001349530097726
23.440336135828186,-0.0,-0.010001349530097726
23.510727535635482,-0.0,-0.010001349530097726
23.58111893544277,-0.0,-0.010001349530097726
23.651510335250066,-0.0,-0.010001349530097726
23.721901735057354,-0.0,-0.010001349530097726
23.79229313486465,-0.0,-0.010001349530097726
23.86268453467194,-0.0,-0.010001349530097726
23.93307593447923,-0.0,-0.010001349530097726
24.003467334286523,-0.0,-0.010001349530097726
24.073858734093815,-0.0,-0.010001349530097726
24.144250133901107,-0.0,-0.010001349530097726
24.2146415337084,-0.0,-0.010001349530097726
24.28503293351569,-0.0,-0.010001349530097726
24.355424333322983,-0.0,-0.010001349530097726
24.42581573313027,-0.0,-0.010001349530097726
24.496207132937567,-0.0,-0.010001349530097726
24.566598532744855,-0.0,-0.010001349530097726
24.63698993255215,-0.0,-0.010001349530097726
24.707381332359443,-0.0,-0.010001349530097726
24.77777273216673,-0.0,-0.010001349530097726
24.848164131974027,-0.0,-0.010001349530097726
24.918555531781315,-0.0,-0.010001349530097726
24.98894693158861,-0.0,-0.010001349530097726
25.0593383313959,-0.0,-0.010001349530097726
25.129729731203195,-0.0,-0.010001349530097726
25.200121131010484,-0.0,-0.010001349530097726
25.270512530817776,-0.0,-0.010001349530097726
25.340903930625068,-0.0,-0.010001349530097726
25.41129533043236,-0.0,-0.010001349530097726
25.48168673023965,-0.0,-0.010001349530097726
25.552078130046944,-0.0,-0.010001349530097726
25.622469529854236,-0.0,-0.010001349530097726
25.692860929661528,-0.0,-0.010001349530097726
25.763252329468816,-0.0,-0.010001349530097726
25.833643729276112,-0.0,-0.010001349530097726
25.9040351290834,-0.0,-0.010001349530097726
25.974426528890696,-0.0,-0.010001349530097726
26.044817928697988,-0.0,-0.010001349530097726
26.11520932850528,-0.0,-0.010001349530097726
26.185600728312572,-0.0,-0.010001349530097726
26.25599212811986,-0.0,-0.010001349530097726
26.326383527927156,-0.0,-0.010001349530097726
26.396774927734445,-0.0,-0.010001349530097726
26.46716632754174,-0.0,-0.010001349530097726
26.53755772734903,-0.0,-0.010001349530097726
26.60794912715632,-0.0,-0.010001349530097726
26.678340526963613,-0.0,-0.010001349530097726
26.748731926770905,-0.0,-0.010001349530097726
26.819123326578197,-0.0,-0.010001349530097726
26.88951472638549,-0.0,-0.010001349530097726
26.95990612619278,-0.0,-0.010001349530097726
27.030297526000073,-0.0,-0.010001349530097726
27.10068892580736,-0.0,-0.010001349530097726
27.171080325614657,-0.0,-0.010001349530097726
27.24147172542195,-0.0,-0.010001349530097726
27.31186312522924,-0.0,-0.010001349530097726
27.382254525036533,-0.0,-0.010001349530097726
27.452645924843825,-0.0,-0.010001349530097726
27.523037324651117,-0.0,-0.010001349530097726
27.593428724458406,-0.0,-0.010001349530097726
27.6638201242657,-0.0,-0.010001349530097726
27.73421152407299,-0.0,-0.010001349530097726
27.804602923880285,-0.0,-0.010001349530097726
27.874994323687574,-0.0,-0.010001349530097726
27.945385723494866,-0.0,-0.010001349530097726
28.015777123302158,-0.0,-0.010001349530097726
28.08616852310945,-0.0,-0.010001349530097726
28.156559922916742,-0.0,-0.010001349530097726
28.226951322724034,-0.0,-0.010001349530097726
28.297342722531326,-0.0,-0.010001349530097726
28.367734122338618,-0.0,-0.010001349530097726
28.43812552214591,-0.0,-0.010001349530097726
28.508516921953202,-0.0,-0.010001349530097726
28.578908321760494,-0.0,-0.010001349530097726
28.649299721567786,-0.0,-0.010001349530097726
28.719691121375078,-0.0,-0.010001349530097726
28.79008252118237,-0.0,-0.010001349530097726
28.860473920989662,-0.0,-0.010001349530097726
28.93086532079695,-0.0,-0.010001349530097726
29.001256720604246,-0.0,-0.010001349530097726
29.071648120411535,-0.0,-0.010001349530097726
29.14203952021883,-0.0,-0.010001349530097726
29.21243092002612,-0.0,-0.010001349530097726
29.282822319833414,-0.0,-0.010001349530097726
29.353213719640703,-0.0,-0.010001349530097726
29.423605119447995,-0.0,-0.010001349530097726
29.493996519255287,-0.0,-0.010001349530097726
29.56438791906258,-0.0,-0.010001349530097726
29.634779318869874,-0.0,-0.010001349530097726
29.705170718677163,-0.0,-0.010001349530097726
29.775562118484455,-0.0,-0.010001349530097726
29.845953518291747,-0.0,-0.010001349530097726
29.91634491809904,-0.0,-0.010001349530097726
29.98673631790633,-0.0,-0.010001349530097726
30.057127717713623,-0.0,-0.010001349530097726
30.127519117520915,-0.0,-0.010001349530097726
30.197910517328207,-0.0,-0.010001349530097726
30.268301917135496,-0.0,-0.010001349530097726
30.33869331694279,-0.0,-0.010001349530097726
30.40908471675008,-0.0,-0.010001349530097726
30.479476116557375,-0.0,-0.010001349530097726
30.549867516364664,-0.0,-0.010001349530097726
30.62025891617196,-0.0,-0.010001349530097726
30.690650315979248,-0.0,-0.010001349530097726
30.76104171578654,-0.0,-0.010001349530097726
30.831433115593835,-0.0,-0.010001349530097726
30.901824515401124,-0.0,-0.010001349530097726
30.97221591520842,-0.0,-0.010001349530097726
31.042607315015708,-0.0,-0.010001349530097726
31.112998714823,-0.0,-0.010001349530097726
31.183390114630292,-0.0,-0.010001349530097726
31.253781514437584,-0.0,-0.010001349530097726
31.324172914244876,-0.0,-0.010001349530097726
31.394564314052168,-0.0,-0.010001349530097726
31.46495571385946,-0.0,-0.010001349530097726
31.535347113666752,-0.0,-0.010001349530097726
31.60573851347404,-0.0,-0.010001349530097726
31.676129913281336,-0.0,-0.010001349530097726
31.746521313088625,-0.0,-0.010001349530097726
31.81691271289592,-0.0,-0.010001349530097726
31.88730411270321,-0.0,-0.010001349530097726
31.957695512510504,-0.0,-0.010001349530097726
32.0280869123178,-0.0,-0.010001349530097726
32.09847831212508,-0.0,-0.010001349530097726
32.16886971193238,-0.0,-0.010001349530097726
32.23926111173967,-0.0,-0.010001349530097726
32.309652511546965,-0.0,-0.010001349530097726
32.38004391135426,-0.0,-0.010001349530097726
32.45043531116154,-0.0,-0.010001349530097726
32.52082671096884,-0.0,-0.010001349530097726
32.591218110776126,-0.0,-0.010001349530097726
32.661609510583425,-0.0,-0.010001349530097726
32.73200091039071,-0.0,-0.010001349530097726
32.80239231019801,-0.0,-0.010001349530097726
32.872783710005294,-0.0,-0.010001349530097726
32.943175109812586,-0.0,-0.010001349530097726
33.01356650961988,-0.0,-0.010001349530097726
33.08395790942717,-0.0,-0.010001349530097726
33.15434930923446,-0.0,-0.010001349530097726
33.224740709041754,-0.0,-0.010001349530097726
33.29513210884905,-0.0,-0.010001349530097726
33.36552350865634,-0.0,-0.010001349530097726
33.43591490846363,-0.0,-0.010001349530097726
33.50630630827092,-0.0,-0.010001349530097726
33.576697708078214,-0.0,-0.010001349530097726
33.647089107885506,-0.0,-0.010001349530097726
33.7174805076928,-0.0,-0.010001349530097726
33.78787190750009,-0.0,-0.010001349530097726
33.85826330730738,-0.0,-0.010001349530097726
33.928654707114674,-0.0,-0.010001349530097726
33.999046106921966,-0.0,-0.010001349530097726
34.06943750672926,-0.0,-0.010001349530097726
34.13982890653655,-0.0,-0.010001349530097726
34.21022030634384,-0.0,-0.010001349530097726
34.280611706151134,-0.0,-0.010001349530097726
34.351003105958426,-0.0,-0.010001349530097726
34.42139450576572,-0.0,-0.010001349530097726
34.491785905573,-0.0,-0.010001349530097726
34.5621773053803,-0.0,-0.010001349530097726
34.632568705187595,-0.0,-0.010001349530097726
34.70296010499489,-0.0,-0.010001349530097726
34.77335150480218,-0.0,-0.010001349530097726
34.84374290460946,-0.0,-0.010001349530097726
34.91413430441676,-0.0,-0.010001349530097726
34.984525704224055,-0.0,-0.010001349530097726
35.05491710403135,-0.0,-0.010001349530097726
35.12530850383863,-0.0,-0.010001349530097726
35.195699903645924,-0.0,-0.010001349530097726
35.26609130345322,-0.0,-0.010001349530097726
35.336482703260515,-0.0,-0.010001349530097726
35.4068741030678,-0.0,-0.010001349530097726
35.47726550287509,-0.0,-0.010001349530097726
35.54765690268239,-0.0,-0.010001349530097726
35.61804830248968,-0.0,-0.010001349530097726
35.68843970229697,-0.0,-0.010001349530097726
35.75883110210426,-0.0,-0.010001349530097726
35.82922250191155,-0.0,-0.010001349530097726
35.89961390171885,-0.0,-0.010001349530097726
35.97000530152614,-0.0,-0.010001349530097726
36.04039670133343,-0.0,-0.010001349530097726
36.11078810114072,-0.0,-0.010001349530097726
36.18117950094801,-0.0,-0.010001349530097726
36.25157090075531,-0.0,-0.010001349530097726
36.321962300562596,-0.0,-0.010001349530097726
36.39235370036989,-0.0,-0.010001349530097726
36.46274510017718,-0.0,-0.010001349530097726
36.53313649998447,-0.0,-0.010001349530097726
36.603527899791764,-0.0,-0.010001349530097726
36.673919299599056,-0.0,-0.010001349530097726
36.74431069940635,-0.0,-0.010001349530097726
36.81470209921364,-0.0,-0.010001349530097726
36.88509349902094,-0.0,-0.010001349530097726
36.955484898828225,-0.0,-0.010001349530097726
37.02587629863552,-0.0,-0.010001349530097726
37.09626769844281,-0.0,-0.010001349530097726
37.1666590982501,-0.0,-0.010001349530097726
37.23705049805739,-0.0,-0.010001349530097726
37.307441897864685,-0.0,-0.010001349530097726
37.37783329767198,-0.0,-0.010001349530097726
37.44822469747927,-0.0,-0.010001349530097726
37.518616097286554,-0.0,-0.010001349530097726
37.58900749709385,-0.0,-0.010001349530097726
37.659398896901145,-0.0,-0.010001349530097726
37.72979029670844,-0.0,-0.010001349530097726
37.80018169651572,-0.0,-0.010001349530097726
37.870573096323014,-0.0,-0.010001349530097726
37.94096449613031,-0.0,-0.010001349530097726
38.011355895937605,-0.0,-0.010001349530097726
38.08174729574489,-0.0,-0.010001349530097726
38.15213869555218,-0.0,-0.010001349530097726
38.22253009535948,-0.0,-0.010001349530097726
38.29292149516677,-0.0,-0.010001349530097726
38.363312894974065,-0.0,-0.010001349530097726
38.43370429478135,-0.0,-0.010001349530097726
38.50409569458864,-0.0,-0.010001349530097726
38.57448709439594,-0.0,-0.010001349530097726
38.64487849420323,-0.0,-0.010001349530097726
38.71526989401052,-0.0,-0.010001349530097726
38.78566129381781,-0.0,-0.010001349530097726
38.8560526936251,-0.0,-0.010001349530097726
38.9264440934324,-0.0,-0.010001349530097726
38.996835493239686,-0.0,-0.010001349530097726
39.06722689304698,-0.0,-0.010001349530097726
39.13761829285427,-0.0,-0.010001349530097726
39.20800969266156,-0.0,-0.010001349530097726
39.278401092468854,-0.0,-0.010001349530097726
39.34879249227615,-0.0,-0.010001349530097726
39.41918389208344,-0.0,-0.010001349530097726
39.48957529189073,-0.0,-0.010001349530097726
39.55996669169803,-0.0,-0.010001349530097726
39.630358091505315,-0.0,-0.010001349530097726
39.70074949131261,-0.0,-0.010001349530097726
39.7711408911199,-0.0,-0.010001349530097726
39.84153229092719,-0.0,-0.010001349530097726
39.91192369073448,-0.0,-0.010001349530097726
39.982315090541775,-0.0,-0.010001349530097726
40.05270649034907,-0.0,-0.010001349530097726
40.12309789015636,-0.0,-0.010001349530097726
40.193489289963644,-0.0,-0.010001349530097726
40.26388068977094,-0.0,-0.010001349530097726
40.334272089578235,-0.0,-0.010001349530097726
40.40466348938553,-0.0,-0.010001349530097726
40.47505488919281,-0.0,-0.010001349530097726
40.54544628900011,-0.0,-0.010001349530097726
40.6158376888074,-0.0,-0.010001349530097726
40.686229088614695,-0.0,-0.010001349530097726
40.75662048842199,-0.0,-0.010001349530097726
40.82701188822927,-0.0,-0.010001349530097726
40.89740328803657,-0.0,-0.010001349530097726
40.96779468784386,-0.0,-0.010001349530097726
41.038186087651155,-0.0,-0.010001349530097726
41.10857748745844,-0.0,-0.010001349530097726
41.17896888726573,-0.0,-0.010001349530097726
41.24936028707303,-0.0,-0.010001349530097726
41.31975168688032,-0.0,-0.010001349530097726
41.39014308668761,-0.0,-0.010001349530097726
41.4605344864949,-0.0,-0.010001349530097726
41.53092588630219,-0.0,-0.010001349530097726
41.60131728610949,-0.0,-0.010001349530097726
41.67170868591678,-0.0,-0.010001349530097726
41.74210008572407,-0.0,-0.010001349530097726
41.81249148553136,-0.0,-0.010001349530097726
41.88288288533866,-0.0,-0.010001349530097726
41.95327428514595,-0.0,-0.010001349530097726
42.02366568495324,-0.0,-0.010001349530097726
42.09405708476053,-0.0,-0.010001349530097726
42.16444848456782,-0.0,-0.010001349530097726
42.23483988437512,-0.0,-0.010001349530097726
42.305231284182405,-0.0,-0.010001349530097726
42.3756226839897,-0.0,-0.010001349530097726
42.44601408379699,-0.0,-0.010001349530097726
42.51640548360428,-0.0,-0.010001349530097726
42.58679688341157,-0.0,-0.010001349530097726
42.657188283218865,-0.0,-0.010001349530097726
42.72757968302616,-0.0,-0.010001349530097726
42.79797108283345,-0.0,-0.010001349530097726
42.868362482640734,-0.0,-0.010001349530097726
42.93875388244803,-0.0,-0.010001349530097726
43.009145282255325,-0.0,-0.010001349530097726
43.07953668206262,-0.0,-0.010001349530097726
43.1499280818699,-0.0,-0.010001349530097726
43.2203194816772,-0.0,-0.010001349530097726
43.29071088148449,-0.0,-0.010001349530097726
43.361102281291785,-0.0,-0.010001349530097726
43.43149368109908,-0.0,-0.010001349530097726
43.50188508090636,-0.0,-0.010001349530097726
43.57227648071366,-0.0,-0.010001349530097726
43.64266788052095,-0.0,-0.010001349530097726
43.713059280328245,-0.0,-0.010001349530097726
43.78345068013553,-0.0,-0.010001349530097726
43.85384207994282,-0.0,-0.010001349530097726
43.92423347975012,-0.0,-0.010001349530097726
43.99462487955741,-0.0,-0.010001349530097726
44.0650162793647,-0.0,-0.010001349530097726
44.13540767917199,-0.0,-0.010001349530097726
44.20579907897928,-0.0,-0.010001349530097726
44.27619047878658,-0.0,-0.010001349530097726
44.34658187859387,-0.0,-0.010001349530097726
44.41697327840116,-0.0,-0.010001349530097726
44.48736467820845,-0.0,-0.010001349530097726
44.55775607801575,-0.0,-0.010001349530097726
44.62814747782304,-0.0,-0.010001349530097726
44.69853887763033,-0.0,-0.010001349530097726
44.76893027743762,-0.0,-0.010001349530097726
44.83932167724491,-0.0,-0.010001349530097726
44.90971307705221,-0.0,-0.010001349530097726
44.980104476859495,-0.0,-0.010001349530097726
45.05049587666679,-0.0,-0.010001349530097726
45.12088727647408,-0.0,-0.010001349530097726
45.19127867628137,-0.0,-0.010001349530097726
45.26167007608866,-0.0,-0.010001349530097726
45.332061475895955,-0.0,-0.010001349530097726
45.40245287570325,-0.0,-0.010001349530097726
45.47284427551054,-0.0,-0.010001349530097726
45.543235675317824,-0.0,-0.010001349530097726
45.61362707512512,-0.0,-0.010001349530097726
45.684018474932415,-0.0,-0.010001349530097726
45.75440987473971,-0.0,-0.010001349530097726
45.824801274547,-0.0,-0.010001349530097726
45.89519267435429,-0.0,-0.010001349530097726
45.96558407416158,-0.0,-0.010001349530097726
46.035975473968875,-0.0,-0.010001349530097726
46.10636687377617,-0.0,-0.010001349530097726
46.17675827358345,-0.0,-0.010001349530097726
46.24714967339075,-0.0,-0.010001349530097726
46.31754107319804,-0.0,-0.010001349530097726
46.387932473005336,-0.0,-0.010001349530097726
46.45832387281262,-0.0,-0.010001349530097726
46.52871527261991,-0.0,-0.010001349530097726
46.59910667242721,-0.0,-0.010001349530097726
46.669498072234504,-0.0,-0.010001349530097726
46.73988947204179,-0.0,-0.010001349530097726
46.81028087184908,-0.0,-0.010001349530097726
46.88067227165637,-0.0,-0.010001349530097726
46.95106367146367,-0.0,-0.010001349530097726
47.021455071270964,-0.0,-0.010001349530097726
47.09184647107825,-0.0,-0.010001349530097726
47.16223787088554,-0.0,-0.010001349530097726
47.23262927069284,-0.0,-0.010001349530097726
47.30302067050013,-0.0,-0.010001349530097726
47.37341207030742,-0.0,-0.010001349530097726
47.44380347011471,-0.0,-0.010001349530097726
47.514194869922,-0.0,-0.010001349530097726
47.5845862697293,-0.0,-0.010001349530097726
47.654977669536585,-0.0,-0.010001349530097726
47.72536906934388,-0.0,-0.010001349530097726
47.79576046915117,-0.0,-0.010001349530097726
47.86615186895846,-0.0,-0.010001349530097726
47.93654326876575,-0.0,-0.010001349530097726
48.006934668573045,-0.0,-0.010001349530097726
48.07732606838034,-0.0,-0.010001349530097726
48.14771746818763,-0.0,-0.010001349530097726
48.218108867994914,-0.0,-0.010001349530097726
48.28850026780221,-0.0,-0.010001349530097726
48.358891667609505,-0.0,-0.010001349530097726
48.4292830674168,-0.0,-0.010001349530097726
48.49967446722409,-0.0,-0.010001349530097726
48.57006586703138,-0.0,-0.010001349530097726
48.64045726683867,-0.0,-0.010001349530097726
48.710848666645965,-0.0,-0.010001349530097726
48.78124006645326,-0.0,-0.010001349530097726
48.85163146626054,-0.0,-0.010001349530097726
48.92202286606784,-0.0,-0.010001349530097726
48.992414265875134,-0.0,-0.010001349530097726
49.062805665682426,-0.0,-0.010001349530097726
49.13319706548971,-0.0,-0.010001349530097726
49.203588465297,-0.0,-0.010001349530097726
49.2739798651043,-0.0,-0.010001349530097726
49.344371264911594,-0.0,-0.010001349530097726
49.414762664718886,-0.0,-0.010001349530097726
49.48515406452617,-0.0,-0.010001349530097726
49.55554546433346,-0.0,-0.010001349530097726
49.62593686414076,-0.0,-0.010001349530097726
49.696328263948054,-0.0,-0.010001349530097726
49.76671966375534,-0.0,-0.010001349530097726
49.83711106356263,-0.0,-0.010001349530097726
49.90750246336993,-0.0,-0.010001349530097726
49.97789386317722,-0.0,-0.010001349530097726
50.04828526298451,-0.0,-0.010001349530097726
50.1186766627918,-0.0,-0.010001349530097726
50.18906806259909,-0.0,-0.010001349530097726
50.25945946240639,-0.0,-0.010001349530097726
50.329850862213675,-0.0,-0.010001349530097726
50.40024226202097,-0.0,-0.010001349530097726
50.47063366182826,-0.0,-0.010001349530097726
50.54102506163555,-0.0,-0.010001349530097726
50.61141646144285,-0.0,-0.010001349530097726
50.681807861250135,-0.0,-0.010001349530097726
50.75219926105743,-0.0,-0.010001349530097726
50.82259066086472,-0.0,-0.010001349530097726
50.89298206067202,-0.0,-0.010001349530097726
50.9633734604793,-0.0,-0.010001349530097726
51.033764860286595,-0.0,-0.010001349530097726
51.10415626009389,-0.0,-0.010001349530097726
51.17454765990118,-0.0,-0.010001349530097726
51.24493905970847,-0.0,-0.010001349530097726
51.31533045951576,-0.0,-0.010001349530097726
51.385721859323056,-0.0,-0.010001349530097726
51.45611325913035,-0.0,-0.010001349530097726
51.52650465893763,-0.0,-0.010001349530097726
51.59689605874493,-0.0,-0.010001349530097726
51.667287458552224,-0.0,-0.010001349530097726
51.737678858359516,-0.0,-0.010001349530097726
51.8080702581668,-0.0,-0.010001349530097726
51.87846165797409,-0.0,-0.010001349530097726
51.94885305778139,-0.0,-0.010001349530097726
52.019244457588684,-0.0,-0.010001349530097726
52.089635857395976,-0.0,-0.010001349530097726
52.16002725720326,-0.0,-0.010001349530097726
52.23041865701056,-0.0,-0.010001349530097726
52.30081005681785,-0.0,-0.010001349530097726
52.371201456625144,-0.0,-0.010001349530097726
52.44159285643243,-0.0,-0.010001349530097726
52.51198425623972,-0.0,-0.010001349530097726
52.58237565604702,-0.0,-0.010001349530097726
52.65276705585431,-0.0,-0.010001349530097726
52.7231584556616,-0.0,-0.010001349530097726
52.79354985546889,-0.0,-0.010001349530097726
52.86394125527618,-0.0,-0.010001349530097726
52.93433265508348,-0.0,-0.010001349530097726
53.00472405489077,-0.0,-0.010001349530097726
53.07511545469806,-0.0,-0.010001349530097726
53.14550685450535,-0.0,-0.010001349530097726
53.21589825431264,-0.0,-0.010001349530097726
53.28628965411994,-0.0,-0.010001349530097726
53.356681053927225,-0.0,-0.010001349530097726
53.42707245373452,-0.0,-0.010001349530097726
53.49746385354181,-0.0,-0.010001349530097726
53.56785525334911,-0.0,-0.010001349530097726
53.63824665315639,-0.0,-0.010001349530097726
53.708638052963686,-0.0,-0.010001349530097726
53.77902945277098,-0.0,-0.010001349530097726
53.84942085257827,-0.0,-0.010001349530097726
53.91981225238556,-0.0,-0.010001349530097726
53.990203652192854,-0.0,-0.010001349530097726
54.060595052000146,-0.0,-0.010001349530097726
54.13098645180744,-0.0,-0.010001349530097726
54.20137785161472,-0.0,-0.010001349530097726
54.27176925142202,-0.0,-0.010001349530097726
54.342160651229314,-0.0,-0.010001349530097726
54.412552051036606,-0.0,-0.010001349530097726
54.4829434508439,-0.0,-0.010001349530097726
54.55333485065118,-0.0,-0.010001349530097726
54.62372625045848,-0.0,-0.010001349530097726
54.694117650265774,-0.0,-0.010001349530097726
54.764509050073066,-0.0,-0.010001349530097726
54.83490044988035,-0.0,-0.010001349530097726
54.90529184968765,-0.0,-0.010001349530097726
54.97568324949494,-0.0,-0.010001349530097726
55.046074649302234,-0.0,-0.010001349530097726
55.11646604910952,-0.0,-0.010001349530097726
55.18685744891681,-0.0,-0.010001349530097726
55.25724884872411,-0.0,-0.010001349530097726
55.3276402485314,-0.0,-0.010001349530097726
55.39803164833869,-0.0,-0.010001349530097726
55.46842304814598,-0.0,-0.010001349530097726
55.53881444795327,3.896730747435781e-09,-0.010001349255801394
55.60920584776057,1.1342158510710137e-07,-0.01000134127189725
55.67959724756786,5.41108672348974e-07,-0.010001303182500355
55.74998864737515,1.5240072400827502e-06,-0.010001195905497409
55.82038004718244,3.326934612548113e-06,-0.010000961717912964
55.89077144698973,6.257013755751595e-06,-0.010000521277956084
55.96116284679703,1.0688624650393434e-05,-0.009999768890704927
56.031554246604315,1.7069947389395794e-05,-0.00999856731321355
56.10194564641161,2.59275843880157e-05,-0.009996742234254856
56.1723370462189,3.788044164241177e-05,-0.009994075776942328
56.2427284460262,5.36677465773376e-05,-0.009990298029136245
56.313119845833484,7.414675105221747e-05,-0.009985078735538517
56.383511245640776,0.00010015038746733818,-0.009978029009573449
56.45390264544807,0.00013242149826263265,-0.009968707674946163
56.52429404525536,0.00017172807436971149,-0.00995661949540507
56.59468544506265,0.00021887849863807835,-0.009941212331498217
56.665076844869944,0.00027507331675881614,-0.00992184953568193
56.735468244677236,0.00034492895785383796,-0.009897569503504526
56.80585964448453,0.00043076976339205184,-0.009867247016864703
56.87625104429182,0.0005342818544368939,-0.009829638169239254
56.94664244409911,0.000657279489102844,-0.009783371345936683
57.017033843906404,0.0008017210811504245,-0.009726937076779489
57.087425243713696,0.0009698336017069611,-0.009658669131975188
57.15781664352099,0.0011638430851398636,-0.009576744588056156
57.22820804332827,0.001386139557354408,-0.00947917228428572
57.29859944313557,0.0016392597057348682,-0.009363782498951352
57.368990842942864,0.0019256990587753202,-0.009228229846596573
57.439382242750156,0.0022482874511754857,-0.009069969745739162
57.50977364255744,0.0026096350474276416,-0.008886273881764562
57.58016504236474,0.003012545394405542,-0.008674216594469345
57.65055644217203,0.0034598227415527836,-0.008430674828606342
57.720947841979324,0.00395382485510394,-0.008152359562462713
57.79133924178661,0.004497011549580336,-0.007835808624538195
57.8617306415939,0.005090057877617564,-0.007477512325432562
57.9321220414012,0.005726030059195778,-0.007074449054227141
58.00251344120849,0.006388099787373724,-0.006624781768085241
58.072904841015784,0.007048973390196453,-0.006128594663944961
58.14329624082307,0.007688241210357103,-0.005587408603091816
58.21368764063036,0.008274969092563582,-0.005004921945304191
58.28407904043766,0.00877092727797551,-0.004387524096599534
58.35447044024495,0.009128867936854202,-0.003744930303868462
58.42486184005224,0.009303252826361472,-0.003090061314659734
58.49525323985953,0.009236200134956003,-0.002439912258259883
58.56564463966683,0.008894523385151502,-0.0018138143065603767
58.63603603947412,0.00819885149226242,-0.0012366856732079212
58.706427439281406,0.007168725268746622,-0.000732069066706942
58.7768188390887,0.0058403352641397035,-0.0003209596921202586
58.84721023889599,0.004301648506574436,-1.8160632263537562e-05
58.91760163870329,0.0027430321811729576,0.00017492524268567593
58.987993038510574,0.0013908660382056784,0.0002728302500593959
59.058384438317866,0.00043157116152506834,0.00030320914823560427
59.12877583812516,-4.4724432635789465e-05,0.00030006093281678415
59.19916723793245,-0.00013701285149211517,0.00029041640640866556
59.26955863773975,-4.292116974151503e-05,0.00028739512518919394
59.339950037547034,-1.0424381768960145e-06,0.00028732174650670963
59.410341437354326,-0.00015443190267422108,0.00027645106870256776
59.48073283716162,-0.0004969628604525197,0.0002414691573030791
59.55112423696891,-0.0008811164044994119,0.0001794461401971975
59.6215156367762,-0.0011538072245609672,9.822803455258469e-05
59.691907036583494,-0.0012173078393502125,1.2540031744333275e-05
59.762298436390786,-0.0010553888828137735,-6.175026905798215e-05
59.83268983619808,-0.0007841676049165266,-0.00011694892445158786
59.90308123600537,-0.0004820156845763818,-0.00015087868321798944
59.97347263581266,-0.0002566663702477665,-0.00016894578830318636
60.043864035619954,-0.00012693097258093374,-0.00017788063714205927
60.114255435427246,-8.94798954451759e-05,-0.00018417925223705533
60.18464683523453,-9.895405134108235e-05,-0.00019114476642755675
60.25503823504183,-0.0001628516181566102,-0.00020260811979048315
60.32542963484912,-0.00024238312298304377,-0.00021966980710692256
60.395821034656414,-0.00032405512428440017,-0.0002424805009200274
60.4662124344637,-0.0004008647559948543,-0.0002706979322279137
60.53660383427099,-0.00046089994446097424,-0.0003031413244896248
60.60699523407829,-0.0004970629766723002,-0.00033813028320996727
60.67738663388558,-0.0004987573412232953,-0.00037323851062283814
60.747778033692875,-0.00046017805382818296,-0.0004056310879923992
60.81816943350016,-0.00037952360801714015,-0.0004323462860206397
60.88856083330745,-0.00024733507024351056,-0.00044975654783651524
60.95895223311475,-6.6687940501898e-05,-0.0004544508053187092
61.02934363292204,0.00015900563310625507,-0.00044325817622711523
61.09973503272933,0.0004182457513040996,-0.0004138172723293672
61.17012643253662,0.0006914810630842431,-0.00036514295235863303
61.24051783234392,0.0009533581605275107,-0.0002980347369213967
61.31090923215121,0.0011554699734650008,-0.00021669958805390092
61.381300631958496,0.0012474656548369684,-0.00012888873439840674
61.45169203176579,0.0011660846345933219,-4.6806404675608384e-05
61.52208343157308,0.0008908177246827101,1.5899501937954313e-05
61.59247483138038,0.00046428164786347715,4.858093703590062e-05
61.66286623118767,-3.8038308529111356e-06,4.831318005753404e-05
61.733257630994956,-0.00035864791263782135,2.306745144899448e-05
61.80364903080225,-0.0005182596879764512,-1.3413573451358219e-05
61.87404043060954,-0.0004793991969546517,-4.715915399148776e-05
61.94443183041684,-0.0003273331986180515,-7.020059604561071e-05
62.014823230224124,-0.00015592369288598741,-8.117628305097765e-05
62.085214630031416,-4.8120187436967064e-05,-8.456353040365501e-05
62.15560602983871,-2.9543066772872474e-05,-8.66431082283978e-05
62.225997429646,-5.961891576526252e-05,-9.083976716410766e-05
62.29638882945329,-9.794410702518182e-05,-9.773418996048542e-05
62.366780229260584,-0.00010933744985931848,-0.00010543060610744245
62.437171629067876,-8.641025019932727e-05,-0.00011151314457667142
62.50756302887517,-6.541687435144396e-05,-0.0001161179299332873
62.57795442868246,-3.0514955216626484e-06,-0.00011633272897456281
62.64834582848975,5.2629515623950106e-05,-0.00011262806369861323
62.718737228297044,0.00011308624606524711,-0.00010466776453912864
62.789128628104336,0.00016879009073434263,-9.278639377873846e-05
62.85952002791162,0.00021695243236939101,-7.75148083726602e-05
62.92991142771892,0.0002533882959148298,-5.967845152843104e-05
63.00030282752621,0.0002797703833478462,-3.9985022619953495e-05
63.070694227333505,0.00029132121894764564,-1.9478514224662165e-05
63.1410856271408,0.0002843487975801985,5.371956705282947e-07
63.21147702694808,0.00026385014807832986,1.9109976933123166e-05
63.28186842675538,0.00022790139970439903,3.515227547635694e-05
63.35225982656267,0.00018554170045535483,4.821281549403461e-05
63.422651226369965,0.00011375837132608127,5.622042649147516e-05
63.49304262617725,3.833690075931706e-05,5.891901460019672e-05
63.56343402598454,-3.573153716163405e-05,5.6403821682123026e-05
63.63382542579184,-0.00013374004643304098,4.6989672603409065e-05
63.70421682559913,-0.00020841152356879496,3.231929372343119e-05
63.77460822540642,-0.0002871520517165062,1.2106258845570462e-05
63.84499962521371,-0.0003312792998877682,-1.1212954800709173e-05
63.91539102502101,-0.0003350087754190613,-3.479469145018356e-05
63.9857824248283,-0.00029095763899328786,-5.527560694354577e-05
64.0561738246356,-0.00020050644058012805,-6.938953596635858e-05
64.12656522444288,-8.827756405556537e-05,-7.56035172718077e-05
64.19695662425016,6.224682014933351e-05,-7.122187646794339e-05
64.26734802405747,0.00017654997593105143,-5.8794276526212986e-05
64.33773942386476,0.000281431961300612,-3.898388681975132e-05
64.40813082367205,0.00035097467773595947,-1.4278287957003973e-05
64.47852222347935,0.00037081642432558557,1.1823999222808715e-05
64.54891362328662,0.00035346880109033454,3.670516291976257e-05
64.61930502309393,0.000307637820769227,5.836021975737322e-05
64.68969642290122,0.00021164920012917046,7.325850322255919e-05
64.76008782270851,0.00010998147232158794,8.10002530121427e-05
64.83047922251579,-5.597140672876818e-06,8.060626244526056e-05
64.90087062232308,-0.00010937257835723994,7.290737355416172e-05
64.97126202213039,-0.00021221008514654412,5.7969608607471894e-05
65.04165342193768,-0.0002906883205095476,3.750765081917413e-05
65.11204482174496,-0.00034411993683677015,1.328456676363703e-05
65.18243622155225,-0.0003787982045348031,-1.3379569098056612e-05
65.25282762135956,-0.0003908209329570146,-4.089000164289263e-05
65.32321902116685,-0.00038428703233884734,-6.794050377701414e-05
65.39361042097414,-0.0003622919088244504,-9.344273837802295e-05
65.46400182078142,-0.000331274030612463,-0.00011676158111263788
65.53439322058871,-0.00028669069744340726,-0.0001369421406174081
65.60478462039602,-0.00023455239531562053,-0.00015345261205182791
65.67517602020331,-0.0001747847689090279,-0.00016575595660032842
65.74556742001059,-0.00010922269676604665,-0.00017344429511641782
65.81595881981788,-4.811550363771975e-05,-0.00017683121276990978
65.88635021962517,1.2868739747669055e-05,-0.00017592536416531564
65.95674161943248,7.776863970455035e-05,-0.0001704511207554034
66.02713301923976,0.00013298478372706006,-0.00016109013567578567
66.09752441904705,0.00017344695861220882,-0.00014888096146675487
66.16791581885434,0.00019762707469957912,-0.00013496971503883126
66.23830721866163,0.0002020415559408799,-0.00012074772709690947
66.30869861846892,0.0001684118739067048,-0.0001088929795484474
66.37909001827622,0.00014944833976494493,-9.837310171351718e-05
66.44948141808351,0.00012791457052313372,-8.936901603864524e-05
66.5198728178908,8.968481168292471e-05,-8.305597660283081e-05
66.5902642176981,5.104287846642479e-05,-7.94629969373857e-05
66.66065561750538,2.9472224302442368e-05,-7.73884058133023e-05
66.73104701731268,8.60062724730604e-06,-7.678299562214369e-05
66.80143841711997,5.796202160948892e-07,-7.674219534377615e-05
66.87182981692726,-1.2078348543993677e-05,-7.759240720514823e-05
66.94222121673455,-1.0339487895472245e-05,-7.832021823140107e-05
67.01261261654184,-1.025752140038959e-05,-7.904225952132775e-05
67.08300401634914,-2.950793827488113e-06,-7.924997002938734e-05
67.15339541615643,8.60648199683498e-07,-7.918938779787e-05
67.22378681596372,8.606481996934107e-06,-7.858356548268955e-05
67.29417821577101,7.786817044869286e-06,-7.803544053085792e-05
67.3645696155783,1.4364042810467866e-05,-7.702433545053722e-05
67.4349610153856,1.1420860157458814e-05,-7.622040511705036e-05
67.50535241519289,1.4258657316586621e-05,-7.521671826916335e-05
67.57574381500018,1.0205999603480498e-05,-7.449830367064168e-05
67.64613521480747,8.943130102274446e-06,-7.386878422408386e-05
67.71652661461476,6.939634769394398e-06,-7.338029361851484e-05
67.78691801442207,4.75230029723684e-06,-7.304577254828773e-05
67.85730941422935,2.1352272001988197e-06,-7.289547091675913e-05
67.92770081403664,4.426190741287989e-07,-7.28643143405498e-05
67.99809221384393,7.0256995890713085e-09,-7.28638197917211e-05
68.06848361365122,-0.0,-7.28638197917211e-05
68.13887501345852,-0.0,-7.28638197917211e-05
68.20926641326581,-0.0,-7.28638197917211e-05
68.2796578130731,-0.0,-7.28638197917211e-05
68.35004921288039,-0.0,-7.28638197917211e-05
68.42044061268768,-0.0,-7.28638197917211e-05
68.49083201249498,-0.0,-7.28638197917211e-05
68.56122341230227,-0.0,-7.28638197917211e-05
68.63161481210956,-0.0,-7.28638197917211e-05
68.70200621191685,-0.0,-7.28638197917211e-05
68.77239761172414,-0.0,-7.28638197917211e-05
68.84278901153144,-0.0,-7.28638197917211e-05
68.91318041133873,-0.0,-7.28638197917211e-05
68.983571811146,-0.0,-7.28638197917211e-05
69.0539632109533,-0.0,-7.28638197917211e-05
69.1243546107606,-0.0,-7.28638197917211e-05
69.1947460105679,-0.0,-7.28638197917211e-05
69.26513741037519,-0.0,-7.28638197917211e-05
69.33552881018248,-0.0,-7.28638197917211e-05
69.40592020998977,-0.0,-7.28638197917211e-05
69.47631160979707,-0.0,-7.28638197917211e-05
69.54670300960436,-0.0,-7.28638197917211e-05
69.61709440941164,-0.0,-7.28638197917211e-05
69.68748580921893,-0.0,-7.28638197917211e-05
69.75787720902623,-0.0,-7.28638197917211e-05
69.82826860883353,-0.0,-7.28638197917211e-05
69.89866000864082,-0.0,-7.28638197917211e-05
69.96905140844811,-0.0,-7.28638197917211e-05
70.0394428082554,-0.0,-7.28638197917211e-05
70.1098342080627,-0.0,-7.28638197917211e-05
70.18022560786997,-0.0,-7.28638197917211e-05
70.25061700767726,-0.0,-7.28638197917211e-05
70.32100840748456,-0.0,-7.28638197917211e-05
70.39139980729185,-0.0,-7.28638197917211e-05
70.46179120709915,-0.0,-7.28638197917211e-05
70.53218260690645,-0.0,-7.28638197917211e-05
70.60257400671374,-0.0,-7.28638197917211e-05
70.67296540652103,-0.0,-7.28638197917211e-05
70.74335680632832,-0.0,-7.28638197917211e-05
70.8137482061356,-0.0,-7.28638197917211e-05
70.88413960594289,-0.0,-7.28638197917211e-05
70.95453100575018,-0.0,-7.28638197917211e-05
71.02492240555748,-0.0,-7.28638197917211e-05
71.09531380536478,-0.0,-7.28638197917211e-05
71.16570520517207,-0.0,-7.28638197917211e-05
71.23609660497937,-0.0,-7.28638197917211e-05
71.30648800478666,-0.0,-7.28638197917211e-05
71.37687940459394,-0.0,-7.28638197917211e-05
71.44727080440123,-0.0,-7.28638197917211e-05
71.51766220420852,-0.0,-7.28638197917211e-05
71.58805360401581,-0.0,-7.28638197917211e-05
71.6584450038231,-0.0,-7.28638197917211e-05
71.7288364036304,-0.0,-7.28638197917211e-05
71.7992278034377,-0.0,-7.28638197917211e-05
71.869619203245,-0.0,-7.28638197917211e-05
71.94001060305229,-0.0,-7.28638197917211e-05
72.01040200285956,-0.0,-7.28638197917211e-05
72.08079340266686,-0.0,-7.28638197917211e-05
72.15118480247415,-0.0,-7.28638197917211e-05
72.22157620228144,-0.0,-7.28638197917211e-05
72.29196760208873,-0.0,-7.28638197917211e-05
72.36235900189602,-0.0,-7.28638197917211e-05
72.43275040170333,-0.0,-7.28638197917211e-05
72.50314180151062,-0.0,-7.28638197917211e-05
72.5735332013179,-0.0,-7.28638197917211e-05
72.64392460112519,-0.0,-7.28638197917211e-05
72.71431600093248,-0.0,-7.28638197917211e-05
72.78470740073978,-0.0,-7.28638197917211e-05
72.85509880054707,-0.0,-7.28638197917211e-05
72.92549020035436,-0.0,-7.28638197917211e-05
72.99588160016165,-0.0,-7.28638197917211e-05
73.06627299996894,-0.0,-7.28638197917211e-05
73.13666439977625,-0.0,-7.28638197917211e-05
73.20705579958353,-0.0,-7.28638197917211e-05
73.27744719939082,-0.0,-7.28638197917211e-05
73.34783859919811,-0.0,-7.28638197917211e-05
73.4182299990054,-0.0,-7.28638197917211e-05
73.4886213988127,-0.0,-7.28638197917211e-05
73.55901279861999,-0.0,-7.28638197917211e-05
73.62940419842728,-0.0,-7.28638197917211e-05
73.69979559823457,-0.0,-7.28638197917211e-05
73.77018699804188,-0.0,-7.28638197917211e-05
73.84057839784916,-0.0,-7.28638197917211e-05
73.91096979765645,-0.0,-7.28638197917211e-05
73.98136119746374,-0.0,-7.28638197917211e-05
74.05175259727103,-0.0,-7.28638197917211e-05
74.12214399707833,-0.0,-7.28638197917211e-05
74.19253539688562,-0.0,-7.28638197917211e-05
74.26292679669291,-0.0,-7.28638197917211e-05
74.3333181965002,-0.0,-7.28638197917211e-05
74.40370959630748,-0.0,-7.28638197917211e-05
74.47410099611479,-0.0,-7.28638197917211e-05
74.54449239592208,-0.0,-7.28638197917211e-05
74.61488379572937,-0.0,-7.28638197917211e-05
74.68527519553666,-0.0,-7.28638197917211e-05
74.75566659534395,-0.0,-7.28638197917211e-05
74.82605799515125,-0.0,-7.28638197917211e-05
74.89644939495854,-0.0,-7.28638197917211e-05
74.96684079476582,-0.0,-7.28638197917211e-05
75.03723219457311,-0.0,-7.28638197917211e-05
75.10762359438041,-0.0,-7.28638197917211e-05
75.1780149941877,-0.0,-7.28638197917211e-05
75.248406393995,-0.0,-7.28638197917211e-05
75.31879779380229,-0.0,-7.28638197917211e-05
75.38918919360958,-0.0,-7.28638197917211e-05
75.45958059341687,-0.0,-7.28638197917211e-05
75.52997199322417,-0.0,-7.28638197917211e-05
75.60036339303144,-0.0,-7.28638197917211e-05
75.67075479283874,-0.0,-7.28638197917211e-05
75.74114619264603,-0.0,-7.28638197917211e-05
75.81153759245333,-0.0,-7.28638197917211e-05
75.88192899226063,-0.0,-7.28638197917211e-05
75.95232039206792,-0.0,-7.28638197917211e-05
76.02271179187521,-0.0,-7.28638197917211e-05
76.0931031916825,-0.0,-7.28638197917211e-05
76.16349459148978,-0.0,-7.28638197917211e-05
76.23388599129707,-0.0,-7.28638197917211e-05
76.30427739110436,-0.0,-7.28638197917211e-05
76.37466879091166,-0.0,-7.28638197917211e-05
76.44506019071896,-0.0,-7.28638197917211e-05
76.51545159052625,-0.0,-7.28638197917211e-05
76.58584299033355,-0.0,-7.28638197917211e-05
76.65623439014084,-0.0,-7.28638197917211e-05
76.72662578994813,-0.0,-7.28638197917211e-05
76.79701718975541,-0.0,-7.28638197917211e-05
76.8674085895627,-0.0,-7.28638197917211e-05
76.93779998936999,-0.0,-7.28638197917211e-05
77.00819138917728,-0.0,-7.28638197917211e-05
77.07858278898458,-0.0,-7.28638197917211e-05
77.14897418879188,-0.0,-7.28638197917211e-05
77.21936558859917,-0.0,-7.28638197917211e-05
77.28975698840647,-0.0,-7.28638197917211e-05
77.36014838821374,-0.0,-7.28638197917211e-05
77.43053978802104,-0.0,-7.28638197917211e-05
77.50093118782833,-0.0,-7.28638197917211e-05
77.57132258763562,-0.0,-7.28638197917211e-05
77.64171398744291,-0.0,-7.28638197917211e-05
77.7121053872502,-0.0,-7.28638197917211e-05
77.78249678705751,-0.0,-7.28638197917211e-05
77.8528881868648,-0.0,-7.28638197917211e-05
77.9232795866721,-0.0,-7.28638197917211e-05
77.99367098647937,-0.0,-7.28638197917211e-05
78.06406238628666,-0.0,-7.28638197917211e-05
78.13445378609396,-0.0,-7.28638197917211e-05
78.20484518590125,-0.0,-7.28638197917211e-05
78.27523658570854,-0.0,-7.28638197917211e-05
78.34562798551583,-0.0,-7.28638197917211e-05
78.41601938532312,-0.0,-7.28638197917211e-05
78.48641078513043,-0.0,-7.28638197917211e-05
78.55680218493771,-0.0,-7.28638197917211e-05
78.627193584745,-0.0,-7.28638197917211e-05
78.6975849845523,-0.0,-7.28638197917211e-05
78.76797638435959,-0.0,-7.28638197917211e-05
78.83836778416688,-0.0,-7.28638197917211e-05
78.90875918397417,-0.0,-7.28638197917211e-05
78.97915058378146,-0.0,-7.28638197917211e-05
79.04954198358875,-0.0,-7.28638197917211e-05
79.11993338339606,-0.0,-7.28638197917211e-05
79.19032478320334,-0.0,-7.28638197917211e-05
79.26071618301063,-0.0,-7.28638197917211e-05
79.33110758281792,-0.0,-7.28638197917211e-05
79.40149898262521,-0.0,-7.28638197917211e-05
79.4718903824325,-0.0,-7.28638197917211e-05
79.5422817822398,-0.0,-7.28638197917211e-05
79.61267318204709,-0.0,-7.28638197917211e-05
79.68306458185438,-0.0,-7.28638197917211e-05
79.75345598166166,-0.0,-7.28638197917211e-05
79.82384738146897,-0.0,-7.28638197917211e-05
79.89423878127626,-0.0,-7.28638197917211e-05
79.96463018108355,-0.0,-7.28638197917211e-05
80.03502158089084,-0.0,-7.28638197917211e-05
80.10541298069813,-0.0,-7.28638197917211e-05
80.17580438050543,-0.0,-7.28638197917211e-05
80.24619578031272,-0.0,-7.28638197917211e-05
80.31658718012,-0.0,-7.28638197917211e-05
80.38697857992729,-0.0,-7.28638197917211e-05
80.4573699797346,-0.0,-7.28638197917211e-05
80.52776137954189,-0.0,-7.28638197917211e-05
80.59815277934918,-0.0,-7.28638197917211e-05
80.66854417915647,-0.0,-7.28638197917211e-05
80.73893557896376,-0.0,-7.28638197917211e-05
80.80932697877105,-0.0,-7.28638197917211e-05
80.87971837857835,-0.0,-7.28638197917211e-05
80.95010977838562,-0.0,-7.28638197917211e-05
81.02050117819292,-0.0,-7.28638197917211e-05
